id,count
20000,20.0100505
20001,20.0100505
20002,20.0100505
20003,20.0100505
20004,20.0100505
20005,20.0100505
20006,20.0100505
20007,20.0100505
20008,20.0100505
20009,20.0100505
20010,20.0100505
20011,20.0100505
20012,20.0100505
20013,20.0100505
20014,20.0100505
20015,20.0100505
20016,20.0100505
20017,20.0100505
20018,20.0100505
20019,20.0100505
20020,20.0100505
20021,20.0100505
20022,20.0100505
20023,20.0100505
20024,20.0100505
20025,20.0100505
20026,20.0100505
20027,20.0100505
20028,20.0100505
20029,20.0100505
20030,20.0100505
20031,20.0100505
20032,20.0100505
20033,20.0100505
20034,20.0100505
20035,20.0100505
20036,20.0100505
20037,20.0100505
20038,20.0100505
20039,20.0100505
20040,20.0100505
20041,20.0100505
20042,20.0100505
20043,20.0100505
20044,20.0100505
20045,20.0100505
20046,20.0100505
20047,20.0100505
20048,20.0100505
20049,20.0100505
20050,20.0100505
20051,20.0100505
20052,20.0100505
20053,20.0100505
20054,20.0100505
20055,20.0100505
20056,20.0100505
20057,20.0100505
20058,20.0100505
20059,20.0100505
20060,20.0100505
20061,20.0100505
20062,20.0100505
20063,20.0100505
20064,20.0100505
20065,20.0100505
20066,20.0100505
20067,20.0100505
20068,20.0100505
20069,20.0100505
20070,20.0100505
20071,20.0100505
20072,20.0100505
20073,20.0100505
20074,20.0100505
20075,20.0100505
20076,20.0100505
20077,20.0100505
20078,20.0100505
20079,20.0100505
20080,20.0100505
20081,20.0100505
20082,20.0100505
20083,20.0100505
20084,20.0100505
20085,20.0100505
20086,20.0100505
20087,20.0100505
20088,20.0100505
20089,20.0100505
20090,20.0100505
20091,20.0100505
20092,20.0100505
20093,20.0100505
20094,20.0100505
20095,20.0100505
20096,20.0100505
20097,20.0100505
20098,20.0100505
20099,20.0100505
20100,20.0100505
20101,20.0100505
20102,20.0100505
20103,20.0100505
20104,20.0100505
20105,20.0100505
20106,20.0100505
20107,20.0100505
20108,20.0100505
20109,20.0100505
20110,20.0100505
20111,20.0100505
20112,20.0100505
20113,20.0100505
20114,20.0100505
20115,20.0100505
20116,20.0100505
20117,20.0100505
20118,20.0100505
20119,20.0100505
20120,20.0100505
20121,20.0100505
20122,20.0100505
20123,20.0100505
20124,20.0100505
20125,20.0100505
20126,20.0100505
20127,20.0100505
20128,20.0100505
20129,20.0100505
20130,20.0100505
20131,20.0100505
20132,20.0100505
20133,20.0100505
20134,20.0100505
20135,20.0100505
20136,20.0100505
20137,20.0100505
20138,20.0100505
20139,20.0100505
20140,20.0100505
20141,20.0100505
20142,20.0100505
20143,20.0100505
20144,20.0100505
20145,20.0100505
20146,20.0100505
20147,20.0100505
20148,20.0100505
20149,20.0100505
20150,20.0100505
20151,20.0100505
20152,20.0100505
20153,20.0100505
20154,20.0100505
20155,20.0100505
20156,20.0100505
20157,20.0100505
20158,20.0100505
20159,20.0100505
20160,20.0100505
20161,20.0100505
20162,20.0100505
20163,20.0100505
20164,20.0100505
20165,20.0100505
20166,20.0100505
20167,20.0100505
20168,20.0100505
20169,20.0100505
20170,20.0100505
20171,20.0100505
20172,20.0100505
20173,20.0100505
20174,20.0100505
20175,20.0100505
20176,20.0100505
20177,20.0100505
20178,20.0100505
20179,20.0100505
20180,20.0100505
20181,20.0100505
20182,20.0100505
20183,20.0100505
20184,20.0100505
20185,20.0100505
20186,20.0100505
20187,20.0100505
20188,20.0100505
20189,20.0100505
20190,20.0100505
20191,20.0100505
20192,20.0100505
20193,20.0100505
20194,20.0100505
20195,20.0100505
20196,20.0100505
20197,20.0100505
20198,20.0100505
20199,20.0100505
20200,20.0100505
20201,20.0100505
20202,20.0100505
20203,20.0100505
20204,20.0100505
20205,20.0100505
20206,20.0100505
20207,20.0100505
20208,20.0100505
20209,20.0100505
20210,20.0100505
20211,20.0100505
20212,20.0100505
20213,20.0100505
20214,20.0100505
20215,20.0100505
20216,20.0100505
20217,20.0100505
20218,20.0100505
20219,20.0100505
20220,20.0100505
20221,20.0100505
20222,20.0100505
20223,20.0100505
20224,20.0100505
20225,20.0100505
20226,20.0100505
20227,20.0100505
20228,20.0100505
20229,20.0100505
20230,20.0100505
20231,20.0100505
20232,20.0100505
20233,20.0100505
20234,20.0100505
20235,20.0100505
20236,20.0100505
20237,20.0100505
20238,20.0100505
20239,20.0100505
20240,20.0100505
20241,20.0100505
20242,20.0100505
20243,20.0100505
20244,20.0100505
20245,20.0100505
20246,20.0100505
20247,20.0100505
20248,20.0100505
20249,20.0100505
20250,20.0100505
20251,20.0100505
20252,20.0100505
20253,20.0100505
20254,20.0100505
20255,20.0100505
20256,20.0100505
20257,20.0100505
20258,20.0100505
20259,20.0100505
20260,20.0100505
20261,20.0100505
20262,20.0100505
20263,20.0100505
20264,20.0100505
20265,20.0100505
20266,20.0100505
20267,20.0100505
20268,20.0100505
20269,20.0100505
20270,20.0100505
20271,20.0100505
20272,20.0100505
20273,20.0100505
20274,20.0100505
20275,20.0100505
20276,20.0100505
20277,20.0100505
20278,20.0100505
20279,20.0100505
20280,20.0100505
20281,20.0100505
20282,20.0100505
20283,20.0100505
20284,20.0100505
20285,20.0100505
20286,20.0100505
20287,20.0100505
20288,20.0100505
20289,20.0100505
20290,20.0100505
20291,20.0100505
20292,20.0100505
20293,20.0100505
20294,20.0100505
20295,20.0100505
20296,20.0100505
20297,20.0100505
20298,20.0100505
20299,20.0100505
20300,20.0100505
20301,20.0100505
20302,20.0100505
20303,20.0100505
20304,20.0100505
20305,20.0100505
20306,20.0100505
20307,20.0100505
20308,20.0100505
20309,20.0100505
20310,20.0100505
20311,20.0100505
20312,20.0100505
20313,20.0100505
20314,20.0100505
20315,20.0100505
20316,20.0100505
20317,20.0100505
20318,20.0100505
20319,20.0100505
20320,20.0100505
20321,20.0100505
20322,20.0100505
20323,20.0100505
20324,20.0100505
20325,20.0100505
20326,20.0100505
20327,20.0100505
20328,20.0100505
20329,20.0100505
20330,20.0100505
20331,20.0100505
20332,20.0100505
20333,20.0100505
20334,20.0100505
20335,20.0100505
20336,20.0100505
20337,20.0100505
20338,20.0100505
20339,20.0100505
20340,20.0100505
20341,20.0100505
20342,20.0100505
20343,20.0100505
20344,20.0100505
20345,20.0100505
20346,20.0100505
20347,20.0100505
20348,20.0100505
20349,20.0100505
20350,20.0100505
20351,20.0100505
20352,20.0100505
20353,20.0100505
20354,20.0100505
20355,20.0100505
20356,20.0100505
20357,20.0100505
20358,20.0100505
20359,20.0100505
20360,20.0100505
20361,20.0100505
20362,20.0100505
20363,20.0100505
20364,20.0100505
20365,20.0100505
20366,20.0100505
20367,20.0100505
20368,20.0100505
20369,20.0100505
20370,20.0100505
20371,20.0100505
20372,20.0100505
20373,20.0100505
20374,20.0100505
20375,20.0100505
20376,20.0100505
20377,20.0100505
20378,20.0100505
20379,20.0100505
20380,20.0100505
20381,20.0100505
20382,20.0100505
20383,20.0100505
20384,20.0100505
20385,20.0100505
20386,20.0100505
20387,20.0100505
20388,20.0100505
20389,20.0100505
20390,20.0100505
20391,20.0100505
20392,20.0100505
20393,20.0100505
20394,20.0100505
20395,20.0100505
20396,20.0100505
20397,20.0100505
20398,20.0100505
20399,20.0100505
20400,20.0100505
20401,20.0100505
20402,20.0100505
20403,20.0100505
20404,20.0100505
20405,20.0100505
20406,20.0100505
20407,20.0100505
20408,20.0100505
20409,20.0100505
20410,20.0100505
20411,20.0100505
20412,20.0100505
20413,20.0100505
20414,20.0100505
20415,20.0100505
20416,20.0100505
20417,20.0100505
20418,20.0100505
20419,20.0100505
20420,20.0100505
20421,20.0100505
20422,20.0100505
20423,20.0100505
20424,20.0100505
20425,20.0100505
20426,20.0100505
20427,20.0100505
20428,20.0100505
20429,20.0100505
20430,20.0100505
20431,20.0100505
20432,20.0100505
20433,20.0100505
20434,20.0100505
20435,20.0100505
20436,20.0100505
20437,20.0100505
20438,20.0100505
20439,20.0100505
20440,20.0100505
20441,20.0100505
20442,20.0100505
20443,20.0100505
20444,20.0100505
20445,20.0100505
20446,20.0100505
20447,20.0100505
20448,20.0100505
20449,20.0100505
20450,20.0100505
20451,20.0100505
20452,20.0100505
20453,20.0100505
20454,20.0100505
20455,20.0100505
20456,20.0100505
20457,20.0100505
20458,20.0100505
20459,20.0100505
20460,20.0100505
20461,20.0100505
20462,20.0100505
20463,20.0100505
20464,20.0100505
20465,20.0100505
20466,20.0100505
20467,20.0100505
20468,20.0100505
20469,20.0100505
20470,20.0100505
20471,20.0100505
20472,20.0100505
20473,20.0100505
20474,20.0100505
20475,20.0100505
20476,20.0100505
20477,20.0100505
20478,20.0100505
20479,20.0100505
20480,20.0100505
20481,20.0100505
20482,20.0100505
20483,20.0100505
20484,20.0100505
20485,20.0100505
20486,20.0100505
20487,20.0100505
20488,20.0100505
20489,20.0100505
20490,20.0100505
20491,20.0100505
20492,20.0100505
20493,20.0100505
20494,20.0100505
20495,20.0100505
20496,20.0100505
20497,20.0100505
20498,20.0100505
20499,20.0100505
20500,20.0100505
20501,20.0100505
20502,20.0100505
20503,20.0100505
20504,20.0100505
20505,20.0100505
20506,20.0100505
20507,20.0100505
20508,20.0100505
20509,20.0100505
20510,20.0100505
20511,20.0100505
20512,20.0100505
20513,20.0100505
20514,20.0100505
20515,20.0100505
20516,20.0100505
20517,20.0100505
20518,20.0100505
20519,20.0100505
20520,20.0100505
20521,20.0100505
20522,20.0100505
20523,20.0100505
20524,20.0100505
20525,20.0100505
20526,20.0100505
20527,20.0100505
20528,20.0100505
20529,20.0100505
20530,20.0100505
20531,20.0100505
20532,20.0100505
20533,20.0100505
20534,20.0100505
20535,20.0100505
20536,20.0100505
20537,20.0100505
20538,20.0100505
20539,20.0100505
20540,20.0100505
20541,20.0100505
20542,20.0100505
20543,20.0100505
20544,20.0100505
20545,20.0100505
20546,20.0100505
20547,20.0100505
20548,20.0100505
20549,20.0100505
20550,20.0100505
20551,20.0100505
20552,20.0100505
20553,20.0100505
20554,20.0100505
20555,20.0100505
20556,20.0100505
20557,20.0100505
20558,20.0100505
20559,20.0100505
20560,20.0100505
20561,20.0100505
20562,20.0100505
20563,20.0100505
20564,20.0100505
20565,20.0100505
20566,20.0100505
20567,20.0100505
20568,20.0100505
20569,20.0100505
20570,20.0100505
20571,20.0100505
20572,20.0100505
20573,20.0100505
20574,20.0100505
20575,20.0100505
20576,20.0100505
20577,20.0100505
20578,20.0100505
20579,20.0100505
20580,20.0100505
20581,20.0100505
20582,20.0100505
20583,20.0100505
20584,20.0100505
20585,20.0100505
20586,20.0100505
20587,20.0100505
20588,20.0100505
20589,20.0100505
20590,20.0100505
20591,20.0100505
20592,20.0100505
20593,20.0100505
20594,20.0100505
20595,20.0100505
20596,20.0100505
20597,20.0100505
20598,20.0100505
20599,20.0100505
20600,20.0100505
20601,20.0100505
20602,20.0100505
20603,20.0100505
20604,20.0100505
20605,20.0100505
20606,20.0100505
20607,20.0100505
20608,20.0100505
20609,20.0100505
20610,20.0100505
20611,20.0100505
20612,20.0100505
20613,20.0100505
20614,20.0100505
20615,20.0100505
20616,20.0100505
20617,20.0100505
20618,20.0100505
20619,20.0100505
20620,20.0100505
20621,20.0100505
20622,20.0100505
20623,20.0100505
20624,20.0100505
20625,20.0100505
20626,20.0100505
20627,20.0100505
20628,20.0100505
20629,20.0100505
20630,20.0100505
20631,20.0100505
20632,20.0100505
20633,20.0100505
20634,20.0100505
20635,20.0100505
20636,20.0100505
20637,20.0100505
20638,20.0100505
20639,20.0100505
20640,20.0100505
20641,20.0100505
20642,20.0100505
20643,20.0100505
20644,20.0100505
20645,20.0100505
20646,20.0100505
20647,20.0100505
20648,20.0100505
20649,20.0100505
20650,20.0100505
20651,20.0100505
20652,20.0100505
20653,20.0100505
20654,20.0100505
20655,20.0100505
20656,20.0100505
20657,20.0100505
20658,20.0100505
20659,20.0100505
20660,20.0100505
20661,20.0100505
20662,20.0100505
20663,20.0100505
20664,20.0100505
20665,20.0100505
20666,20.0100505
20667,20.0100505
20668,20.0100505
20669,20.0100505
20670,20.0100505
20671,20.0100505
20672,20.0100505
20673,20.0100505
20674,20.0100505
20675,20.0100505
20676,20.0100505
20677,20.0100505
20678,20.0100505
20679,20.0100505
20680,20.0100505
20681,20.0100505
20682,20.0100505
20683,20.0100505
20684,20.0100505
20685,20.0100505
20686,20.0100505
20687,20.0100505
20688,20.0100505
20689,20.0100505
20690,20.0100505
20691,20.0100505
20692,20.0100505
20693,20.0100505
20694,20.0100505
20695,20.0100505
20696,20.0100505
20697,20.0100505
20698,20.0100505
20699,20.0100505
20700,20.0100505
20701,20.0100505
20702,20.0100505
20703,20.0100505
20704,20.0100505
20705,20.0100505
20706,20.0100505
20707,20.0100505
20708,20.0100505
20709,20.0100505
20710,20.0100505
20711,20.0100505
20712,20.0100505
20713,20.0100505
20714,20.0100505
20715,20.0100505
20716,20.0100505
20717,20.0100505
20718,20.0100505
20719,20.0100505
20720,20.0100505
20721,20.0100505
20722,20.0100505
20723,20.0100505
20724,20.0100505
20725,20.0100505
20726,20.0100505
20727,20.0100505
20728,20.0100505
20729,20.0100505
20730,20.0100505
20731,20.0100505
20732,20.0100505
20733,20.0100505
20734,20.0100505
20735,20.0100505
20736,20.0100505
20737,20.0100505
20738,20.0100505
20739,20.0100505
20740,20.0100505
20741,20.0100505
20742,20.0100505
20743,20.0100505
20744,20.0100505
20745,20.0100505
20746,20.0100505
20747,20.0100505
20748,20.0100505
20749,20.0100505
20750,20.0100505
20751,20.0100505
20752,20.0100505
20753,20.0100505
20754,20.0100505
20755,20.0100505
20756,20.0100505
20757,20.0100505
20758,20.0100505
20759,20.0100505
20760,20.0100505
20761,20.0100505
20762,20.0100505
20763,20.0100505
20764,20.0100505
20765,20.0100505
20766,20.0100505
20767,20.0100505
20768,20.0100505
20769,20.0100505
20770,20.0100505
20771,20.0100505
20772,20.0100505
20773,20.0100505
20774,20.0100505
20775,20.0100505
20776,20.0100505
20777,20.0100505
20778,20.0100505
20779,20.0100505
20780,20.0100505
20781,20.0100505
20782,20.0100505
20783,20.0100505
20784,20.0100505
20785,20.0100505
20786,20.0100505
20787,20.0100505
20788,20.0100505
20789,20.0100505
20790,20.0100505
20791,20.0100505
20792,20.0100505
20793,20.0100505
20794,20.0100505
20795,20.0100505
20796,20.0100505
20797,20.0100505
20798,20.0100505
20799,20.0100505
20800,20.0100505
20801,20.0100505
20802,20.0100505
20803,20.0100505
20804,20.0100505
20805,20.0100505
20806,20.0100505
20807,20.0100505
20808,20.0100505
20809,20.0100505
20810,20.0100505
20811,20.0100505
20812,20.0100505
20813,20.0100505
20814,20.0100505
20815,20.0100505
20816,20.0100505
20817,20.0100505
20818,20.0100505
20819,20.0100505
20820,20.0100505
20821,20.0100505
20822,20.0100505
20823,20.0100505
20824,20.0100505
20825,20.0100505
20826,20.0100505
20827,20.0100505
20828,20.0100505
20829,20.0100505
20830,20.0100505
20831,20.0100505
20832,20.0100505
20833,20.0100505
20834,20.0100505
20835,20.0100505
20836,20.0100505
20837,20.0100505
20838,20.0100505
20839,20.0100505
20840,20.0100505
20841,20.0100505
20842,20.0100505
20843,20.0100505
20844,20.0100505
20845,20.0100505
20846,20.0100505
20847,20.0100505
20848,20.0100505
20849,20.0100505
20850,20.0100505
20851,20.0100505
20852,20.0100505
20853,20.0100505
20854,20.0100505
20855,20.0100505
20856,20.0100505
20857,20.0100505
20858,20.0100505
20859,20.0100505
20860,20.0100505
20861,20.0100505
20862,20.0100505
20863,20.0100505
20864,20.0100505
20865,20.0100505
20866,20.0100505
20867,20.0100505
20868,20.0100505
20869,20.0100505
20870,20.0100505
20871,20.0100505
20872,20.0100505
20873,20.0100505
20874,20.0100505
20875,20.0100505
20876,20.0100505
20877,20.0100505
20878,20.0100505
20879,20.0100505
20880,20.0100505
20881,20.0100505
20882,20.0100505
20883,20.0100505
20884,20.0100505
20885,20.0100505
20886,20.0100505
20887,20.0100505
20888,20.0100505
20889,20.0100505
20890,20.0100505
20891,20.0100505
20892,20.0100505
20893,20.0100505
20894,20.0100505
20895,20.0100505
20896,20.0100505
20897,20.0100505
20898,20.0100505
20899,20.0100505
20900,20.0100505
20901,20.0100505
20902,20.0100505
20903,20.0100505
20904,20.0100505
20905,20.0100505
20906,20.0100505
20907,20.0100505
20908,20.0100505
20909,20.0100505
20910,20.0100505
20911,20.0100505
20912,20.0100505
20913,20.0100505
20914,20.0100505
20915,20.0100505
20916,20.0100505
20917,20.0100505
20918,20.0100505
20919,20.0100505
20920,20.0100505
20921,20.0100505
20922,20.0100505
20923,20.0100505
20924,20.0100505
20925,20.0100505
20926,20.0100505
20927,20.0100505
20928,20.0100505
20929,20.0100505
20930,20.0100505
20931,20.0100505
20932,20.0100505
20933,20.0100505
20934,20.0100505
20935,20.0100505
20936,20.0100505
20937,20.0100505
20938,20.0100505
20939,20.0100505
20940,20.0100505
20941,20.0100505
20942,20.0100505
20943,20.0100505
20944,20.0100505
20945,20.0100505
20946,20.0100505
20947,20.0100505
20948,20.0100505
20949,20.0100505
20950,20.0100505
20951,20.0100505
20952,20.0100505
20953,20.0100505
20954,20.0100505
20955,20.0100505
20956,20.0100505
20957,20.0100505
20958,20.0100505
20959,20.0100505
20960,20.0100505
20961,20.0100505
20962,20.0100505
20963,20.0100505
20964,20.0100505
20965,20.0100505
20966,20.0100505
20967,20.0100505
20968,20.0100505
20969,20.0100505
20970,20.0100505
20971,20.0100505
20972,20.0100505
20973,20.0100505
20974,20.0100505
20975,20.0100505
20976,20.0100505
20977,20.0100505
20978,20.0100505
20979,20.0100505
20980,20.0100505
20981,20.0100505
20982,20.0100505
20983,20.0100505
20984,20.0100505
20985,20.0100505
20986,20.0100505
20987,20.0100505
20988,20.0100505
20989,20.0100505
20990,20.0100505
20991,20.0100505
20992,20.0100505
20993,20.0100505
20994,20.0100505
20995,20.0100505
20996,20.0100505
20997,20.0100505
20998,20.0100505
20999,20.0100505
21000,20.0100505
21001,20.0100505
21002,20.0100505
21003,20.0100505
21004,20.0100505
21005,20.0100505
21006,20.0100505
21007,20.0100505
21008,20.0100505
21009,20.0100505
21010,20.0100505
21011,20.0100505
21012,20.0100505
21013,20.0100505
21014,20.0100505
21015,20.0100505
21016,20.0100505
21017,20.0100505
21018,20.0100505
21019,20.0100505
21020,20.0100505
21021,20.0100505
21022,20.0100505
21023,20.0100505
21024,20.0100505
21025,20.0100505
21026,20.0100505
21027,20.0100505
21028,20.0100505
21029,20.0100505
21030,20.0100505
21031,20.0100505
21032,20.0100505
21033,20.0100505
21034,20.0100505
21035,20.0100505
21036,20.0100505
21037,20.0100505
21038,20.0100505
21039,20.0100505
21040,20.0100505
21041,20.0100505
21042,20.0100505
21043,20.0100505
21044,20.0100505
21045,20.0100505
21046,20.0100505
21047,20.0100505
21048,20.0100505
21049,20.0100505
21050,20.0100505
21051,20.0100505
21052,20.0100505
21053,20.0100505
21054,20.0100505
21055,20.0100505
21056,20.0100505
21057,20.0100505
21058,20.0100505
21059,20.0100505
21060,20.0100505
21061,20.0100505
21062,20.0100505
21063,20.0100505
21064,20.0100505
21065,20.0100505
21066,20.0100505
21067,20.0100505
21068,20.0100505
21069,20.0100505
21070,20.0100505
21071,20.0100505
21072,20.0100505
21073,20.0100505
21074,20.0100505
21075,20.0100505
21076,20.0100505
21077,20.0100505
21078,20.0100505
21079,20.0100505
21080,20.0100505
21081,20.0100505
21082,20.0100505
21083,20.0100505
21084,20.0100505
21085,20.0100505
21086,20.0100505
21087,20.0100505
21088,20.0100505
21089,20.0100505
21090,20.0100505
21091,20.0100505
21092,20.0100505
21093,20.0100505
21094,20.0100505
21095,20.0100505
21096,20.0100505
21097,20.0100505
21098,20.0100505
21099,20.0100505
21100,20.0100505
21101,20.0100505
21102,20.0100505
21103,20.0100505
21104,20.0100505
21105,20.0100505
21106,20.0100505
21107,20.0100505
21108,20.0100505
21109,20.0100505
21110,20.0100505
21111,20.0100505
21112,20.0100505
21113,20.0100505
21114,20.0100505
21115,20.0100505
21116,20.0100505
21117,20.0100505
21118,20.0100505
21119,20.0100505
21120,20.0100505
21121,20.0100505
21122,20.0100505
21123,20.0100505
21124,20.0100505
21125,20.0100505
21126,20.0100505
21127,20.0100505
21128,20.0100505
21129,20.0100505
21130,20.0100505
21131,20.0100505
21132,20.0100505
21133,20.0100505
21134,20.0100505
21135,20.0100505
21136,20.0100505
21137,20.0100505
21138,20.0100505
21139,20.0100505
21140,20.0100505
21141,20.0100505
21142,20.0100505
21143,20.0100505
21144,20.0100505
21145,20.0100505
21146,20.0100505
21147,20.0100505
21148,20.0100505
21149,20.0100505
21150,20.0100505
21151,20.0100505
21152,20.0100505
21153,20.0100505
21154,20.0100505
21155,20.0100505
21156,20.0100505
21157,20.0100505
21158,20.0100505
21159,20.0100505
21160,20.0100505
21161,20.0100505
21162,20.0100505
21163,20.0100505
21164,20.0100505
21165,20.0100505
21166,20.0100505
21167,20.0100505
21168,20.0100505
21169,20.0100505
21170,20.0100505
21171,20.0100505
21172,20.0100505
21173,20.0100505
21174,20.0100505
21175,20.0100505
21176,20.0100505
21177,20.0100505
21178,20.0100505
21179,20.0100505
21180,20.0100505
21181,20.0100505
21182,20.0100505
21183,20.0100505
21184,20.0100505
21185,20.0100505
21186,20.0100505
21187,20.0100505
21188,20.0100505
21189,20.0100505
21190,20.0100505
21191,20.0100505
21192,20.0100505
21193,20.0100505
21194,20.0100505
21195,20.0100505
21196,20.0100505
21197,20.0100505
21198,20.0100505
21199,20.0100505
21200,20.0100505
21201,20.0100505
21202,20.0100505
21203,20.0100505
21204,20.0100505
21205,20.0100505
21206,20.0100505
21207,20.0100505
21208,20.0100505
21209,20.0100505
21210,20.0100505
21211,20.0100505
21212,20.0100505
21213,20.0100505
21214,20.0100505
21215,20.0100505
21216,20.0100505
21217,20.0100505
21218,20.0100505
21219,20.0100505
21220,20.0100505
21221,20.0100505
21222,20.0100505
21223,20.0100505
21224,20.0100505
21225,20.0100505
21226,20.0100505
21227,20.0100505
21228,20.0100505
21229,20.0100505
21230,20.0100505
21231,20.0100505
21232,20.0100505
21233,20.0100505
21234,20.0100505
21235,20.0100505
21236,20.0100505
21237,20.0100505
21238,20.0100505
21239,20.0100505
21240,20.0100505
21241,20.0100505
21242,20.0100505
21243,20.0100505
21244,20.0100505
21245,20.0100505
21246,20.0100505
21247,20.0100505
21248,20.0100505
21249,20.0100505
21250,20.0100505
21251,20.0100505
21252,20.0100505
21253,20.0100505
21254,20.0100505
21255,20.0100505
21256,20.0100505
21257,20.0100505
21258,20.0100505
21259,20.0100505
21260,20.0100505
21261,20.0100505
21262,20.0100505
21263,20.0100505
21264,20.0100505
21265,20.0100505
21266,20.0100505
21267,20.0100505
21268,20.0100505
21269,20.0100505
21270,20.0100505
21271,20.0100505
21272,20.0100505
21273,20.0100505
21274,20.0100505
21275,20.0100505
21276,20.0100505
21277,20.0100505
21278,20.0100505
21279,20.0100505
21280,20.0100505
21281,20.0100505
21282,20.0100505
21283,20.0100505
21284,20.0100505
21285,20.0100505
21286,20.0100505
21287,20.0100505
21288,20.0100505
21289,20.0100505
21290,20.0100505
21291,20.0100505
21292,20.0100505
21293,20.0100505
21294,20.0100505
21295,20.0100505
21296,20.0100505
21297,20.0100505
21298,20.0100505
21299,20.0100505
21300,20.0100505
21301,20.0100505
21302,20.0100505
21303,20.0100505
21304,20.0100505
21305,20.0100505
21306,20.0100505
21307,20.0100505
21308,20.0100505
21309,20.0100505
21310,20.0100505
21311,20.0100505
21312,20.0100505
21313,20.0100505
21314,20.0100505
21315,20.0100505
21316,20.0100505
21317,20.0100505
21318,20.0100505
21319,20.0100505
21320,20.0100505
21321,20.0100505
21322,20.0100505
21323,20.0100505
21324,20.0100505
21325,20.0100505
21326,20.0100505
21327,20.0100505
21328,20.0100505
21329,20.0100505
21330,20.0100505
21331,20.0100505
21332,20.0100505
21333,20.0100505
21334,20.0100505
21335,20.0100505
21336,20.0100505
21337,20.0100505
21338,20.0100505
21339,20.0100505
21340,20.0100505
21341,20.0100505
21342,20.0100505
21343,20.0100505
21344,20.0100505
21345,20.0100505
21346,20.0100505
21347,20.0100505
21348,20.0100505
21349,20.0100505
21350,20.0100505
21351,20.0100505
21352,20.0100505
21353,20.0100505
21354,20.0100505
21355,20.0100505
21356,20.0100505
21357,20.0100505
21358,20.0100505
21359,20.0100505
21360,20.0100505
21361,20.0100505
21362,20.0100505
21363,20.0100505
21364,20.0100505
21365,20.0100505
21366,20.0100505
21367,20.0100505
21368,20.0100505
21369,20.0100505
21370,20.0100505
21371,20.0100505
21372,20.0100505
21373,20.0100505
21374,20.0100505
21375,20.0100505
21376,20.0100505
21377,20.0100505
21378,20.0100505
21379,20.0100505
21380,20.0100505
21381,20.0100505
21382,20.0100505
21383,20.0100505
21384,20.0100505
21385,20.0100505
21386,20.0100505
21387,20.0100505
21388,20.0100505
21389,20.0100505
21390,20.0100505
21391,20.0100505
21392,20.0100505
21393,20.0100505
21394,20.0100505
21395,20.0100505
21396,20.0100505
21397,20.0100505
21398,20.0100505
21399,20.0100505
21400,20.0100505
21401,20.0100505
21402,20.0100505
21403,20.0100505
21404,20.0100505
21405,20.0100505
21406,20.0100505
21407,20.0100505
21408,20.0100505
21409,20.0100505
21410,20.0100505
21411,20.0100505
21412,20.0100505
21413,20.0100505
21414,20.0100505
21415,20.0100505
21416,20.0100505
21417,20.0100505
21418,20.0100505
21419,20.0100505
21420,20.0100505
21421,20.0100505
21422,20.0100505
21423,20.0100505
21424,20.0100505
21425,20.0100505
21426,20.0100505
21427,20.0100505
21428,20.0100505
21429,20.0100505
21430,20.0100505
21431,20.0100505
21432,20.0100505
21433,20.0100505
21434,20.0100505
21435,20.0100505
21436,20.0100505
21437,20.0100505
21438,20.0100505
21439,20.0100505
21440,20.0100505
21441,20.0100505
21442,20.0100505
21443,20.0100505
21444,20.0100505
21445,20.0100505
21446,20.0100505
21447,20.0100505
21448,20.0100505
21449,20.0100505
21450,20.0100505
21451,20.0100505
21452,20.0100505
21453,20.0100505
21454,20.0100505
21455,20.0100505
21456,20.0100505
21457,20.0100505
21458,20.0100505
21459,20.0100505
21460,20.0100505
21461,20.0100505
21462,20.0100505
21463,20.0100505
21464,20.0100505
21465,20.0100505
21466,20.0100505
21467,20.0100505
21468,20.0100505
21469,20.0100505
21470,20.0100505
21471,20.0100505
21472,20.0100505
21473,20.0100505
21474,20.0100505
21475,20.0100505
21476,20.0100505
21477,20.0100505
21478,20.0100505
21479,20.0100505
21480,20.0100505
21481,20.0100505
21482,20.0100505
21483,20.0100505
21484,20.0100505
21485,20.0100505
21486,20.0100505
21487,20.0100505
21488,20.0100505
21489,20.0100505
21490,20.0100505
21491,20.0100505
21492,20.0100505
21493,20.0100505
21494,20.0100505
21495,20.0100505
21496,20.0100505
21497,20.0100505
21498,20.0100505
21499,20.0100505
21500,20.0100505
21501,20.0100505
21502,20.0100505
21503,20.0100505
21504,20.0100505
21505,20.0100505
21506,20.0100505
21507,20.0100505
21508,20.0100505
21509,20.0100505
21510,20.0100505
21511,20.0100505
21512,20.0100505
21513,20.0100505
21514,20.0100505
21515,20.0100505
21516,20.0100505
21517,20.0100505
21518,20.0100505
21519,20.0100505
21520,20.0100505
21521,20.0100505
21522,20.0100505
21523,20.0100505
21524,20.0100505
21525,20.0100505
21526,20.0100505
21527,20.0100505
21528,20.0100505
21529,20.0100505
21530,20.0100505
21531,20.0100505
21532,20.0100505
21533,20.0100505
21534,20.0100505
21535,20.0100505
21536,20.0100505
21537,20.0100505
21538,20.0100505
21539,20.0100505
21540,20.0100505
21541,20.0100505
21542,20.0100505
21543,20.0100505
21544,20.0100505
21545,20.0100505
21546,20.0100505
21547,20.0100505
21548,20.0100505
21549,20.0100505
21550,20.0100505
21551,20.0100505
21552,20.0100505
21553,20.0100505
21554,20.0100505
21555,20.0100505
21556,20.0100505
21557,20.0100505
21558,20.0100505
21559,20.0100505
21560,20.0100505
21561,20.0100505
21562,20.0100505
21563,20.0100505
21564,20.0100505
21565,20.0100505
21566,20.0100505
21567,20.0100505
21568,20.0100505
21569,20.0100505
21570,20.0100505
21571,20.0100505
21572,20.0100505
21573,20.0100505
21574,20.0100505
21575,20.0100505
21576,20.0100505
21577,20.0100505
21578,20.0100505
21579,20.0100505
21580,20.0100505
21581,20.0100505
21582,20.0100505
21583,20.0100505
21584,20.0100505
21585,20.0100505
21586,20.0100505
21587,20.0100505
21588,20.0100505
21589,20.0100505
21590,20.0100505
21591,20.0100505
21592,20.0100505
21593,20.0100505
21594,20.0100505
21595,20.0100505
21596,20.0100505
21597,20.0100505
21598,20.0100505
21599,20.0100505
21600,20.0100505
21601,20.0100505
21602,20.0100505
21603,20.0100505
21604,20.0100505
21605,20.0100505
21606,20.0100505
21607,20.0100505
21608,20.0100505
21609,20.0100505
21610,20.0100505
21611,20.0100505
21612,20.0100505
21613,20.0100505
21614,20.0100505
21615,20.0100505
21616,20.0100505
21617,20.0100505
21618,20.0100505
21619,20.0100505
21620,20.0100505
21621,20.0100505
21622,20.0100505
21623,20.0100505
21624,20.0100505
21625,20.0100505
21626,20.0100505
21627,20.0100505
21628,20.0100505
21629,20.0100505
21630,20.0100505
21631,20.0100505
21632,20.0100505
21633,20.0100505
21634,20.0100505
21635,20.0100505
21636,20.0100505
21637,20.0100505
21638,20.0100505
21639,20.0100505
21640,20.0100505
21641,20.0100505
21642,20.0100505
21643,20.0100505
21644,20.0100505
21645,20.0100505
21646,20.0100505
21647,20.0100505
21648,20.0100505
21649,20.0100505
21650,20.0100505
21651,20.0100505
21652,20.0100505
21653,20.0100505
21654,20.0100505
21655,20.0100505
21656,20.0100505
21657,20.0100505
21658,20.0100505
21659,20.0100505
21660,20.0100505
21661,20.0100505
21662,20.0100505
21663,20.0100505
21664,20.0100505
21665,20.0100505
21666,20.0100505
21667,20.0100505
21668,20.0100505
21669,20.0100505
21670,20.0100505
21671,20.0100505
21672,20.0100505
21673,20.0100505
21674,20.0100505
21675,20.0100505
21676,20.0100505
21677,20.0100505
21678,20.0100505
21679,20.0100505
21680,20.0100505
21681,20.0100505
21682,20.0100505
21683,20.0100505
21684,20.0100505
21685,20.0100505
21686,20.0100505
21687,20.0100505
21688,20.0100505
21689,20.0100505
21690,20.0100505
21691,20.0100505
21692,20.0100505
21693,20.0100505
21694,20.0100505
21695,20.0100505
21696,20.0100505
21697,20.0100505
21698,20.0100505
21699,20.0100505
21700,20.0100505
21701,20.0100505
21702,20.0100505
21703,20.0100505
21704,20.0100505
21705,20.0100505
21706,20.0100505
21707,20.0100505
21708,20.0100505
21709,20.0100505
21710,20.0100505
21711,20.0100505
21712,20.0100505
21713,20.0100505
21714,20.0100505
21715,20.0100505
21716,20.0100505
21717,20.0100505
21718,20.0100505
21719,20.0100505
21720,20.0100505
21721,20.0100505
21722,20.0100505
21723,20.0100505
21724,20.0100505
21725,20.0100505
21726,20.0100505
21727,20.0100505
21728,20.0100505
21729,20.0100505
21730,20.0100505
21731,20.0100505
21732,20.0100505
21733,20.0100505
21734,20.0100505
21735,20.0100505
21736,20.0100505
21737,20.0100505
21738,20.0100505
21739,20.0100505
21740,20.0100505
21741,20.0100505
21742,20.0100505
21743,20.0100505
21744,20.0100505
21745,20.0100505
21746,20.0100505
21747,20.0100505
21748,20.0100505
21749,20.0100505
21750,20.0100505
21751,20.0100505
21752,20.0100505
21753,20.0100505
21754,20.0100505
21755,20.0100505
21756,20.0100505
21757,20.0100505
21758,20.0100505
21759,20.0100505
21760,20.0100505
21761,20.0100505
21762,20.0100505
21763,20.0100505
21764,20.0100505
21765,20.0100505
21766,20.0100505
21767,20.0100505
21768,20.0100505
21769,20.0100505
21770,20.0100505
21771,20.0100505
21772,20.0100505
21773,20.0100505
21774,20.0100505
21775,20.0100505
21776,20.0100505
21777,20.0100505
21778,20.0100505
21779,20.0100505
21780,20.0100505
21781,20.0100505
21782,20.0100505
21783,20.0100505
21784,20.0100505
21785,20.0100505
21786,20.0100505
21787,20.0100505
21788,20.0100505
21789,20.0100505
21790,20.0100505
21791,20.0100505
21792,20.0100505
21793,20.0100505
21794,20.0100505
21795,20.0100505
21796,20.0100505
21797,20.0100505
21798,20.0100505
21799,20.0100505
21800,20.0100505
21801,20.0100505
21802,20.0100505
21803,20.0100505
21804,20.0100505
21805,20.0100505
21806,20.0100505
21807,20.0100505
21808,20.0100505
21809,20.0100505
21810,20.0100505
21811,20.0100505
21812,20.0100505
21813,20.0100505
21814,20.0100505
21815,20.0100505
21816,20.0100505
21817,20.0100505
21818,20.0100505
21819,20.0100505
21820,20.0100505
21821,20.0100505
21822,20.0100505
21823,20.0100505
21824,20.0100505
21825,20.0100505
21826,20.0100505
21827,20.0100505
21828,20.0100505
21829,20.0100505
21830,20.0100505
21831,20.0100505
21832,20.0100505
21833,20.0100505
21834,20.0100505
21835,20.0100505
21836,20.0100505
21837,20.0100505
21838,20.0100505
21839,20.0100505
21840,20.0100505
21841,20.0100505
21842,20.0100505
21843,20.0100505
21844,20.0100505
21845,20.0100505
21846,20.0100505
21847,20.0100505
21848,20.0100505
21849,20.0100505
21850,20.0100505
21851,20.0100505
21852,20.0100505
21853,20.0100505
21854,20.0100505
21855,20.0100505
21856,20.0100505
21857,20.0100505
21858,20.0100505
21859,20.0100505
21860,20.0100505
21861,20.0100505
21862,20.0100505
21863,20.0100505
21864,20.0100505
21865,20.0100505
21866,20.0100505
21867,20.0100505
21868,20.0100505
21869,20.0100505
21870,20.0100505
21871,20.0100505
21872,20.0100505
21873,20.0100505
21874,20.0100505
21875,20.0100505
21876,20.0100505
21877,20.0100505
21878,20.0100505
21879,20.0100505
21880,20.0100505
21881,20.0100505
21882,20.0100505
21883,20.0100505
21884,20.0100505
21885,20.0100505
21886,20.0100505
21887,20.0100505
21888,20.0100505
21889,20.0100505
21890,20.0100505
21891,20.0100505
21892,20.0100505
21893,20.0100505
21894,20.0100505
21895,20.0100505
21896,20.0100505
21897,20.0100505
21898,20.0100505
21899,20.0100505
21900,20.0100505
21901,20.0100505
21902,20.0100505
21903,20.0100505
21904,20.0100505
21905,20.0100505
21906,20.0100505
21907,20.0100505
21908,20.0100505
21909,20.0100505
21910,20.0100505
21911,20.0100505
21912,20.0100505
21913,20.0100505
21914,20.0100505
21915,20.0100505
21916,20.0100505
21917,20.0100505
21918,20.0100505
21919,20.0100505
21920,20.0100505
21921,20.0100505
21922,20.0100505
21923,20.0100505
21924,20.0100505
21925,20.0100505
21926,20.0100505
21927,20.0100505
21928,20.0100505
21929,20.0100505
21930,20.0100505
21931,20.0100505
21932,20.0100505
21933,20.0100505
21934,20.0100505
21935,20.0100505
21936,20.0100505
21937,20.0100505
21938,20.0100505
21939,20.0100505
21940,20.0100505
21941,20.0100505
21942,20.0100505
21943,20.0100505
21944,20.0100505
21945,20.0100505
21946,20.0100505
21947,20.0100505
21948,20.0100505
21949,20.0100505
21950,20.0100505
21951,20.0100505
21952,20.0100505
21953,20.0100505
21954,20.0100505
21955,20.0100505
21956,20.0100505
21957,20.0100505
21958,20.0100505
21959,20.0100505
21960,20.0100505
21961,20.0100505
21962,20.0100505
21963,20.0100505
21964,20.0100505
21965,20.0100505
21966,20.0100505
21967,20.0100505
21968,20.0100505
21969,20.0100505
21970,20.0100505
21971,20.0100505
21972,20.0100505
21973,20.0100505
21974,20.0100505
21975,20.0100505
21976,20.0100505
21977,20.0100505
21978,20.0100505
21979,20.0100505
21980,20.0100505
21981,20.0100505
21982,20.0100505
21983,20.0100505
21984,20.0100505
21985,20.0100505
21986,20.0100505
21987,20.0100505
21988,20.0100505
21989,20.0100505
21990,20.0100505
21991,20.0100505
21992,20.0100505
21993,20.0100505
21994,20.0100505
21995,20.0100505
21996,20.0100505
21997,20.0100505
21998,20.0100505
21999,20.0100505
22000,20.0100505
22001,20.0100505
22002,20.0100505
22003,20.0100505
22004,20.0100505
22005,20.0100505
22006,20.0100505
22007,20.0100505
22008,20.0100505
22009,20.0100505
22010,20.0100505
22011,20.0100505
22012,20.0100505
22013,20.0100505
22014,20.0100505
22015,20.0100505
22016,20.0100505
22017,20.0100505
22018,20.0100505
22019,20.0100505
22020,20.0100505
22021,20.0100505
22022,20.0100505
22023,20.0100505
22024,20.0100505
22025,20.0100505
22026,20.0100505
22027,20.0100505
22028,20.0100505
22029,20.0100505
22030,20.0100505
22031,20.0100505
22032,20.0100505
22033,20.0100505
22034,20.0100505
22035,20.0100505
22036,20.0100505
22037,20.0100505
22038,20.0100505
22039,20.0100505
22040,20.0100505
22041,20.0100505
22042,20.0100505
22043,20.0100505
22044,20.0100505
22045,20.0100505
22046,20.0100505
22047,20.0100505
22048,20.0100505
22049,20.0100505
22050,20.0100505
22051,20.0100505
22052,20.0100505
22053,20.0100505
22054,20.0100505
22055,20.0100505
22056,20.0100505
22057,20.0100505
22058,20.0100505
22059,20.0100505
22060,20.0100505
22061,20.0100505
22062,20.0100505
22063,20.0100505
22064,20.0100505
22065,20.0100505
22066,20.0100505
22067,20.0100505
22068,20.0100505
22069,20.0100505
22070,20.0100505
22071,20.0100505
22072,20.0100505
22073,20.0100505
22074,20.0100505
22075,20.0100505
22076,20.0100505
22077,20.0100505
22078,20.0100505
22079,20.0100505
22080,20.0100505
22081,20.0100505
22082,20.0100505
22083,20.0100505
22084,20.0100505
22085,20.0100505
22086,20.0100505
22087,20.0100505
22088,20.0100505
22089,20.0100505
22090,20.0100505
22091,20.0100505
22092,20.0100505
22093,20.0100505
22094,20.0100505
22095,20.0100505
22096,20.0100505
22097,20.0100505
22098,20.0100505
22099,20.0100505
22100,20.0100505
22101,20.0100505
22102,20.0100505
22103,20.0100505
22104,20.0100505
22105,20.0100505
22106,20.0100505
22107,20.0100505
22108,20.0100505
22109,20.0100505
22110,20.0100505
22111,20.0100505
22112,20.0100505
22113,20.0100505
22114,20.0100505
22115,20.0100505
22116,20.0100505
22117,20.0100505
22118,20.0100505
22119,20.0100505
22120,20.0100505
22121,20.0100505
22122,20.0100505
22123,20.0100505
22124,20.0100505
22125,20.0100505
22126,20.0100505
22127,20.0100505
22128,20.0100505
22129,20.0100505
22130,20.0100505
22131,20.0100505
22132,20.0100505
22133,20.0100505
22134,20.0100505
22135,20.0100505
22136,20.0100505
22137,20.0100505
22138,20.0100505
22139,20.0100505
22140,20.0100505
22141,20.0100505
22142,20.0100505
22143,20.0100505
22144,20.0100505
22145,20.0100505
22146,20.0100505
22147,20.0100505
22148,20.0100505
22149,20.0100505
22150,20.0100505
22151,20.0100505
22152,20.0100505
22153,20.0100505
22154,20.0100505
22155,20.0100505
22156,20.0100505
22157,20.0100505
22158,20.0100505
22159,20.0100505
22160,20.0100505
22161,20.0100505
22162,20.0100505
22163,20.0100505
22164,20.0100505
22165,20.0100505
22166,20.0100505
22167,20.0100505
22168,20.0100505
22169,20.0100505
22170,20.0100505
22171,20.0100505
22172,20.0100505
22173,20.0100505
22174,20.0100505
22175,20.0100505
22176,20.0100505
22177,20.0100505
22178,20.0100505
22179,20.0100505
22180,20.0100505
22181,20.0100505
22182,20.0100505
22183,20.0100505
22184,20.0100505
22185,20.0100505
22186,20.0100505
22187,20.0100505
22188,20.0100505
22189,20.0100505
22190,20.0100505
22191,20.0100505
22192,20.0100505
22193,20.0100505
22194,20.0100505
22195,20.0100505
22196,20.0100505
22197,20.0100505
22198,20.0100505
22199,20.0100505
22200,20.0100505
22201,20.0100505
22202,20.0100505
22203,20.0100505
22204,20.0100505
22205,20.0100505
22206,20.0100505
22207,20.0100505
22208,20.0100505
22209,20.0100505
22210,20.0100505
22211,20.0100505
22212,20.0100505
22213,20.0100505
22214,20.0100505
22215,20.0100505
22216,20.0100505
22217,20.0100505
22218,20.0100505
22219,20.0100505
22220,20.0100505
22221,20.0100505
22222,20.0100505
22223,20.0100505
22224,20.0100505
22225,20.0100505
22226,20.0100505
22227,20.0100505
22228,20.0100505
22229,20.0100505
22230,20.0100505
22231,20.0100505
22232,20.0100505
22233,20.0100505
22234,20.0100505
22235,20.0100505
22236,20.0100505
22237,20.0100505
22238,20.0100505
22239,20.0100505
22240,20.0100505
22241,20.0100505
22242,20.0100505
22243,20.0100505
22244,20.0100505
22245,20.0100505
22246,20.0100505
22247,20.0100505
22248,20.0100505
22249,20.0100505
22250,20.0100505
22251,20.0100505
22252,20.0100505
22253,20.0100505
22254,20.0100505
22255,20.0100505
22256,20.0100505
22257,20.0100505
22258,20.0100505
22259,20.0100505
22260,20.0100505
22261,20.0100505
22262,20.0100505
22263,20.0100505
22264,20.0100505
22265,20.0100505
22266,20.0100505
22267,20.0100505
22268,20.0100505
22269,20.0100505
22270,20.0100505
22271,20.0100505
22272,20.0100505
22273,20.0100505
22274,20.0100505
22275,20.0100505
22276,20.0100505
22277,20.0100505
22278,20.0100505
22279,20.0100505
22280,20.0100505
22281,20.0100505
22282,20.0100505
22283,20.0100505
22284,20.0100505
22285,20.0100505
22286,20.0100505
22287,20.0100505
22288,20.0100505
22289,20.0100505
22290,20.0100505
22291,20.0100505
22292,20.0100505
22293,20.0100505
22294,20.0100505
22295,20.0100505
22296,20.0100505
22297,20.0100505
22298,20.0100505
22299,20.0100505
22300,20.0100505
22301,20.0100505
22302,20.0100505
22303,20.0100505
22304,20.0100505
22305,20.0100505
22306,20.0100505
22307,20.0100505
22308,20.0100505
22309,20.0100505
22310,20.0100505
22311,20.0100505
22312,20.0100505
22313,20.0100505
22314,20.0100505
22315,20.0100505
22316,20.0100505
22317,20.0100505
22318,20.0100505
22319,20.0100505
22320,20.0100505
22321,20.0100505
22322,20.0100505
22323,20.0100505
22324,20.0100505
22325,20.0100505
22326,20.0100505
22327,20.0100505
22328,20.0100505
22329,20.0100505
22330,20.0100505
22331,20.0100505
22332,20.0100505
22333,20.0100505
22334,20.0100505
22335,20.0100505
22336,20.0100505
22337,20.0100505
22338,20.0100505
22339,20.0100505
22340,20.0100505
22341,20.0100505
22342,20.0100505
22343,20.0100505
22344,20.0100505
22345,20.0100505
22346,20.0100505
22347,20.0100505
22348,20.0100505
22349,20.0100505
22350,20.0100505
22351,20.0100505
22352,20.0100505
22353,20.0100505
22354,20.0100505
22355,20.0100505
22356,20.0100505
22357,20.0100505
22358,20.0100505
22359,20.0100505
22360,20.0100505
22361,20.0100505
22362,20.0100505
22363,20.0100505
22364,20.0100505
22365,20.0100505
22366,20.0100505
22367,20.0100505
22368,20.0100505
22369,20.0100505
22370,20.0100505
22371,20.0100505
22372,20.0100505
22373,20.0100505
22374,20.0100505
22375,20.0100505
22376,20.0100505
22377,20.0100505
22378,20.0100505
22379,20.0100505
22380,20.0100505
22381,20.0100505
22382,20.0100505
22383,20.0100505
22384,20.0100505
22385,20.0100505
22386,20.0100505
22387,20.0100505
22388,20.0100505
22389,20.0100505
22390,20.0100505
22391,20.0100505
22392,20.0100505
22393,20.0100505
22394,20.0100505
22395,20.0100505
22396,20.0100505
22397,20.0100505
22398,20.0100505
22399,20.0100505
22400,20.0100505
22401,20.0100505
22402,20.0100505
22403,20.0100505
22404,20.0100505
22405,20.0100505
22406,20.0100505
22407,20.0100505
22408,20.0100505
22409,20.0100505
22410,20.0100505
22411,20.0100505
22412,20.0100505
22413,20.0100505
22414,20.0100505
22415,20.0100505
22416,20.0100505
22417,20.0100505
22418,20.0100505
22419,20.0100505
22420,20.0100505
22421,20.0100505
22422,20.0100505
22423,20.0100505
22424,20.0100505
22425,20.0100505
22426,20.0100505
22427,20.0100505
22428,20.0100505
22429,20.0100505
22430,20.0100505
22431,20.0100505
22432,20.0100505
22433,20.0100505
22434,20.0100505
22435,20.0100505
22436,20.0100505
22437,20.0100505
22438,20.0100505
22439,20.0100505
22440,20.0100505
22441,20.0100505
22442,20.0100505
22443,20.0100505
22444,20.0100505
22445,20.0100505
22446,20.0100505
22447,20.0100505
22448,20.0100505
22449,20.0100505
22450,20.0100505
22451,20.0100505
22452,20.0100505
22453,20.0100505
22454,20.0100505
22455,20.0100505
22456,20.0100505
22457,20.0100505
22458,20.0100505
22459,20.0100505
22460,20.0100505
22461,20.0100505
22462,20.0100505
22463,20.0100505
22464,20.0100505
22465,20.0100505
22466,20.0100505
22467,20.0100505
22468,20.0100505
22469,20.0100505
22470,20.0100505
22471,20.0100505
22472,20.0100505
22473,20.0100505
22474,20.0100505
22475,20.0100505
22476,20.0100505
22477,20.0100505
22478,20.0100505
22479,20.0100505
22480,20.0100505
22481,20.0100505
22482,20.0100505
22483,20.0100505
22484,20.0100505
22485,20.0100505
22486,20.0100505
22487,20.0100505
22488,20.0100505
22489,20.0100505
22490,20.0100505
22491,20.0100505
22492,20.0100505
22493,20.0100505
22494,20.0100505
22495,20.0100505
22496,20.0100505
22497,20.0100505
22498,20.0100505
22499,20.0100505
22500,20.0100505
22501,20.0100505
22502,20.0100505
22503,20.0100505
22504,20.0100505
22505,20.0100505
22506,20.0100505
22507,20.0100505
22508,20.0100505
22509,20.0100505
22510,20.0100505
22511,20.0100505
22512,20.0100505
22513,20.0100505
22514,20.0100505
22515,20.0100505
22516,20.0100505
22517,20.0100505
22518,20.0100505
22519,20.0100505
22520,20.0100505
22521,20.0100505
22522,20.0100505
22523,20.0100505
22524,20.0100505
22525,20.0100505
22526,20.0100505
22527,20.0100505
22528,20.0100505
22529,20.0100505
22530,20.0100505
22531,20.0100505
22532,20.0100505
22533,20.0100505
22534,20.0100505
22535,20.0100505
22536,20.0100505
22537,20.0100505
22538,20.0100505
22539,20.0100505
22540,20.0100505
22541,20.0100505
22542,20.0100505
22543,20.0100505
22544,20.0100505
22545,20.0100505
22546,20.0100505
22547,20.0100505
22548,20.0100505
22549,20.0100505
22550,20.0100505
22551,20.0100505
22552,20.0100505
22553,20.0100505
22554,20.0100505
22555,20.0100505
22556,20.0100505
22557,20.0100505
22558,20.0100505
22559,20.0100505
22560,20.0100505
22561,20.0100505
22562,20.0100505
22563,20.0100505
22564,20.0100505
22565,20.0100505
22566,20.0100505
22567,20.0100505
22568,20.0100505
22569,20.0100505
22570,20.0100505
22571,20.0100505
22572,20.0100505
22573,20.0100505
22574,20.0100505
22575,20.0100505
22576,20.0100505
22577,20.0100505
22578,20.0100505
22579,20.0100505
22580,20.0100505
22581,20.0100505
22582,20.0100505
22583,20.0100505
22584,20.0100505
22585,20.0100505
22586,20.0100505
22587,20.0100505
22588,20.0100505
22589,20.0100505
22590,20.0100505
22591,20.0100505
22592,20.0100505
22593,20.0100505
22594,20.0100505
22595,20.0100505
22596,20.0100505
22597,20.0100505
22598,20.0100505
22599,20.0100505
22600,20.0100505
22601,20.0100505
22602,20.0100505
22603,20.0100505
22604,20.0100505
22605,20.0100505
22606,20.0100505
22607,20.0100505
22608,20.0100505
22609,20.0100505
22610,20.0100505
22611,20.0100505
22612,20.0100505
22613,20.0100505
22614,20.0100505
22615,20.0100505
22616,20.0100505
22617,20.0100505
22618,20.0100505
22619,20.0100505
22620,20.0100505
22621,20.0100505
22622,20.0100505
22623,20.0100505
22624,20.0100505
22625,20.0100505
22626,20.0100505
22627,20.0100505
22628,20.0100505
22629,20.0100505
22630,20.0100505
22631,20.0100505
22632,20.0100505
22633,20.0100505
22634,20.0100505
22635,20.0100505
22636,20.0100505
22637,20.0100505
22638,20.0100505
22639,20.0100505
22640,20.0100505
22641,20.0100505
22642,20.0100505
22643,20.0100505
22644,20.0100505
22645,20.0100505
22646,20.0100505
22647,20.0100505
22648,20.0100505
22649,20.0100505
22650,20.0100505
22651,20.0100505
22652,20.0100505
22653,20.0100505
22654,20.0100505
22655,20.0100505
22656,20.0100505
22657,20.0100505
22658,20.0100505
22659,20.0100505
22660,20.0100505
22661,20.0100505
22662,20.0100505
22663,20.0100505
22664,20.0100505
22665,20.0100505
22666,20.0100505
22667,20.0100505
22668,20.0100505
22669,20.0100505
22670,20.0100505
22671,20.0100505
22672,20.0100505
22673,20.0100505
22674,20.0100505
22675,20.0100505
22676,20.0100505
22677,20.0100505
22678,20.0100505
22679,20.0100505
22680,20.0100505
22681,20.0100505
22682,20.0100505
22683,20.0100505
22684,20.0100505
22685,20.0100505
22686,20.0100505
22687,20.0100505
22688,20.0100505
22689,20.0100505
22690,20.0100505
22691,20.0100505
22692,20.0100505
22693,20.0100505
22694,20.0100505
22695,20.0100505
22696,20.0100505
22697,20.0100505
22698,20.0100505
22699,20.0100505
22700,20.0100505
22701,20.0100505
22702,20.0100505
22703,20.0100505
22704,20.0100505
22705,20.0100505
22706,20.0100505
22707,20.0100505
22708,20.0100505
22709,20.0100505
22710,20.0100505
22711,20.0100505
22712,20.0100505
22713,20.0100505
22714,20.0100505
22715,20.0100505
22716,20.0100505
22717,20.0100505
22718,20.0100505
22719,20.0100505
22720,20.0100505
22721,20.0100505
22722,20.0100505
22723,20.0100505
22724,20.0100505
22725,20.0100505
22726,20.0100505
22727,20.0100505
22728,20.0100505
22729,20.0100505
22730,20.0100505
22731,20.0100505
22732,20.0100505
22733,20.0100505
22734,20.0100505
22735,20.0100505
22736,20.0100505
22737,20.0100505
22738,20.0100505
22739,20.0100505
22740,20.0100505
22741,20.0100505
22742,20.0100505
22743,20.0100505
22744,20.0100505
22745,20.0100505
22746,20.0100505
22747,20.0100505
22748,20.0100505
22749,20.0100505
22750,20.0100505
22751,20.0100505
22752,20.0100505
22753,20.0100505
22754,20.0100505
22755,20.0100505
22756,20.0100505
22757,20.0100505
22758,20.0100505
22759,20.0100505
22760,20.0100505
22761,20.0100505
22762,20.0100505
22763,20.0100505
22764,20.0100505
22765,20.0100505
22766,20.0100505
22767,20.0100505
22768,20.0100505
22769,20.0100505
22770,20.0100505
22771,20.0100505
22772,20.0100505
22773,20.0100505
22774,20.0100505
22775,20.0100505
22776,20.0100505
22777,20.0100505
22778,20.0100505
22779,20.0100505
22780,20.0100505
22781,20.0100505
22782,20.0100505
22783,20.0100505
22784,20.0100505
22785,20.0100505
22786,20.0100505
22787,20.0100505
22788,20.0100505
22789,20.0100505
22790,20.0100505
22791,20.0100505
22792,20.0100505
22793,20.0100505
22794,20.0100505
22795,20.0100505
22796,20.0100505
22797,20.0100505
22798,20.0100505
22799,20.0100505
22800,20.0100505
22801,20.0100505
22802,20.0100505
22803,20.0100505
22804,20.0100505
22805,20.0100505
22806,20.0100505
22807,20.0100505
22808,20.0100505
22809,20.0100505
22810,20.0100505
22811,20.0100505
22812,20.0100505
22813,20.0100505
22814,20.0100505
22815,20.0100505
22816,20.0100505
22817,20.0100505
22818,20.0100505
22819,20.0100505
22820,20.0100505
22821,20.0100505
22822,20.0100505
22823,20.0100505
22824,20.0100505
22825,20.0100505
22826,20.0100505
22827,20.0100505
22828,20.0100505
22829,20.0100505
22830,20.0100505
22831,20.0100505
22832,20.0100505
22833,20.0100505
22834,20.0100505
22835,20.0100505
22836,20.0100505
22837,20.0100505
22838,20.0100505
22839,20.0100505
22840,20.0100505
22841,20.0100505
22842,20.0100505
22843,20.0100505
22844,20.0100505
22845,20.0100505
22846,20.0100505
22847,20.0100505
22848,20.0100505
22849,20.0100505
22850,20.0100505
22851,20.0100505
22852,20.0100505
22853,20.0100505
22854,20.0100505
22855,20.0100505
22856,20.0100505
22857,20.0100505
22858,20.0100505
22859,20.0100505
22860,20.0100505
22861,20.0100505
22862,20.0100505
22863,20.0100505
22864,20.0100505
22865,20.0100505
22866,20.0100505
22867,20.0100505
22868,20.0100505
22869,20.0100505
22870,20.0100505
22871,20.0100505
22872,20.0100505
22873,20.0100505
22874,20.0100505
22875,20.0100505
22876,20.0100505
22877,20.0100505
22878,20.0100505
22879,20.0100505
22880,20.0100505
22881,20.0100505
22882,20.0100505
22883,20.0100505
22884,20.0100505
22885,20.0100505
22886,20.0100505
22887,20.0100505
22888,20.0100505
22889,20.0100505
22890,20.0100505
22891,20.0100505
22892,20.0100505
22893,20.0100505
22894,20.0100505
22895,20.0100505
22896,20.0100505
22897,20.0100505
22898,20.0100505
22899,20.0100505
22900,20.0100505
22901,20.0100505
22902,20.0100505
22903,20.0100505
22904,20.0100505
22905,20.0100505
22906,20.0100505
22907,20.0100505
22908,20.0100505
22909,20.0100505
22910,20.0100505
22911,20.0100505
22912,20.0100505
22913,20.0100505
22914,20.0100505
22915,20.0100505
22916,20.0100505
22917,20.0100505
22918,20.0100505
22919,20.0100505
22920,20.0100505
22921,20.0100505
22922,20.0100505
22923,20.0100505
22924,20.0100505
22925,20.0100505
22926,20.0100505
22927,20.0100505
22928,20.0100505
22929,20.0100505
22930,20.0100505
22931,20.0100505
22932,20.0100505
22933,20.0100505
22934,20.0100505
22935,20.0100505
22936,20.0100505
22937,20.0100505
22938,20.0100505
22939,20.0100505
22940,20.0100505
22941,20.0100505
22942,20.0100505
22943,20.0100505
22944,20.0100505
22945,20.0100505
22946,20.0100505
22947,20.0100505
22948,20.0100505
22949,20.0100505
22950,20.0100505
22951,20.0100505
22952,20.0100505
22953,20.0100505
22954,20.0100505
22955,20.0100505
22956,20.0100505
22957,20.0100505
22958,20.0100505
22959,20.0100505
22960,20.0100505
22961,20.0100505
22962,20.0100505
22963,20.0100505
22964,20.0100505
22965,20.0100505
22966,20.0100505
22967,20.0100505
22968,20.0100505
22969,20.0100505
22970,20.0100505
22971,20.0100505
22972,20.0100505
22973,20.0100505
22974,20.0100505
22975,20.0100505
22976,20.0100505
22977,20.0100505
22978,20.0100505
22979,20.0100505
22980,20.0100505
22981,20.0100505
22982,20.0100505
22983,20.0100505
22984,20.0100505
22985,20.0100505
22986,20.0100505
22987,20.0100505
22988,20.0100505
22989,20.0100505
22990,20.0100505
22991,20.0100505
22992,20.0100505
22993,20.0100505
22994,20.0100505
22995,20.0100505
22996,20.0100505
22997,20.0100505
22998,20.0100505
22999,20.0100505
23000,20.0100505
23001,20.0100505
23002,20.0100505
23003,20.0100505
23004,20.0100505
23005,20.0100505
23006,20.0100505
23007,20.0100505
23008,20.0100505
23009,20.0100505
23010,20.0100505
23011,20.0100505
23012,20.0100505
23013,20.0100505
23014,20.0100505
23015,20.0100505
23016,20.0100505
23017,20.0100505
23018,20.0100505
23019,20.0100505
23020,20.0100505
23021,20.0100505
23022,20.0100505
23023,20.0100505
23024,20.0100505
23025,20.0100505
23026,20.0100505
23027,20.0100505
23028,20.0100505
23029,20.0100505
23030,20.0100505
23031,20.0100505
23032,20.0100505
23033,20.0100505
23034,20.0100505
23035,20.0100505
23036,20.0100505
23037,20.0100505
23038,20.0100505
23039,20.0100505
23040,20.0100505
23041,20.0100505
23042,20.0100505
23043,20.0100505
23044,20.0100505
23045,20.0100505
23046,20.0100505
23047,20.0100505
23048,20.0100505
23049,20.0100505
23050,20.0100505
23051,20.0100505
23052,20.0100505
23053,20.0100505
23054,20.0100505
23055,20.0100505
23056,20.0100505
23057,20.0100505
23058,20.0100505
23059,20.0100505
23060,20.0100505
23061,20.0100505
23062,20.0100505
23063,20.0100505
23064,20.0100505
23065,20.0100505
23066,20.0100505
23067,20.0100505
23068,20.0100505
23069,20.0100505
23070,20.0100505
23071,20.0100505
23072,20.0100505
23073,20.0100505
23074,20.0100505
23075,20.0100505
23076,20.0100505
23077,20.0100505
23078,20.0100505
23079,20.0100505
23080,20.0100505
23081,20.0100505
23082,20.0100505
23083,20.0100505
23084,20.0100505
23085,20.0100505
23086,20.0100505
23087,20.0100505
23088,20.0100505
23089,20.0100505
23090,20.0100505
23091,20.0100505
23092,20.0100505
23093,20.0100505
23094,20.0100505
23095,20.0100505
23096,20.0100505
23097,20.0100505
23098,20.0100505
23099,20.0100505
23100,20.0100505
23101,20.0100505
23102,20.0100505
23103,20.0100505
23104,20.0100505
23105,20.0100505
23106,20.0100505
23107,20.0100505
23108,20.0100505
23109,20.0100505
23110,20.0100505
23111,20.0100505
23112,20.0100505
23113,20.0100505
23114,20.0100505
23115,20.0100505
23116,20.0100505
23117,20.0100505
23118,20.0100505
23119,20.0100505
23120,20.0100505
23121,20.0100505
23122,20.0100505
23123,20.0100505
23124,20.0100505
23125,20.0100505
23126,20.0100505
23127,20.0100505
23128,20.0100505
23129,20.0100505
23130,20.0100505
23131,20.0100505
23132,20.0100505
23133,20.0100505
23134,20.0100505
23135,20.0100505
23136,20.0100505
23137,20.0100505
23138,20.0100505
23139,20.0100505
23140,20.0100505
23141,20.0100505
23142,20.0100505
23143,20.0100505
23144,20.0100505
23145,20.0100505
23146,20.0100505
23147,20.0100505
23148,20.0100505
23149,20.0100505
23150,20.0100505
23151,20.0100505
23152,20.0100505
23153,20.0100505
23154,20.0100505
23155,20.0100505
23156,20.0100505
23157,20.0100505
23158,20.0100505
23159,20.0100505
23160,20.0100505
23161,20.0100505
23162,20.0100505
23163,20.0100505
23164,20.0100505
23165,20.0100505
23166,20.0100505
23167,20.0100505
23168,20.0100505
23169,20.0100505
23170,20.0100505
23171,20.0100505
23172,20.0100505
23173,20.0100505
23174,20.0100505
23175,20.0100505
23176,20.0100505
23177,20.0100505
23178,20.0100505
23179,20.0100505
23180,20.0100505
23181,20.0100505
23182,20.0100505
23183,20.0100505
23184,20.0100505
23185,20.0100505
23186,20.0100505
23187,20.0100505
23188,20.0100505
23189,20.0100505
23190,20.0100505
23191,20.0100505
23192,20.0100505
23193,20.0100505
23194,20.0100505
23195,20.0100505
23196,20.0100505
23197,20.0100505
23198,20.0100505
23199,20.0100505
23200,20.0100505
23201,20.0100505
23202,20.0100505
23203,20.0100505
23204,20.0100505
23205,20.0100505
23206,20.0100505
23207,20.0100505
23208,20.0100505
23209,20.0100505
23210,20.0100505
23211,20.0100505
23212,20.0100505
23213,20.0100505
23214,20.0100505
23215,20.0100505
23216,20.0100505
23217,20.0100505
23218,20.0100505
23219,20.0100505
23220,20.0100505
23221,20.0100505
23222,20.0100505
23223,20.0100505
23224,20.0100505
23225,20.0100505
23226,20.0100505
23227,20.0100505
23228,20.0100505
23229,20.0100505
23230,20.0100505
23231,20.0100505
23232,20.0100505
23233,20.0100505
23234,20.0100505
23235,20.0100505
23236,20.0100505
23237,20.0100505
23238,20.0100505
23239,20.0100505
23240,20.0100505
23241,20.0100505
23242,20.0100505
23243,20.0100505
23244,20.0100505
23245,20.0100505
23246,20.0100505
23247,20.0100505
23248,20.0100505
23249,20.0100505
23250,20.0100505
23251,20.0100505
23252,20.0100505
23253,20.0100505
23254,20.0100505
23255,20.0100505
23256,20.0100505
23257,20.0100505
23258,20.0100505
23259,20.0100505
23260,20.0100505
23261,20.0100505
23262,20.0100505
23263,20.0100505
23264,20.0100505
23265,20.0100505
23266,20.0100505
23267,20.0100505
23268,20.0100505
23269,20.0100505
23270,20.0100505
23271,20.0100505
23272,20.0100505
23273,20.0100505
23274,20.0100505
23275,20.0100505
23276,20.0100505
23277,20.0100505
23278,20.0100505
23279,20.0100505
23280,20.0100505
23281,20.0100505
23282,20.0100505
23283,20.0100505
23284,20.0100505
23285,20.0100505
23286,20.0100505
23287,20.0100505
23288,20.0100505
23289,20.0100505
23290,20.0100505
23291,20.0100505
23292,20.0100505
23293,20.0100505
23294,20.0100505
23295,20.0100505
23296,20.0100505
23297,20.0100505
23298,20.0100505
23299,20.0100505
23300,20.0100505
23301,20.0100505
23302,20.0100505
23303,20.0100505
23304,20.0100505
23305,20.0100505
23306,20.0100505
23307,20.0100505
23308,20.0100505
23309,20.0100505
23310,20.0100505
23311,20.0100505
23312,20.0100505
23313,20.0100505
23314,20.0100505
23315,20.0100505
23316,20.0100505
23317,20.0100505
23318,20.0100505
23319,20.0100505
23320,20.0100505
23321,20.0100505
23322,20.0100505
23323,20.0100505
23324,20.0100505
23325,20.0100505
23326,20.0100505
23327,20.0100505
23328,20.0100505
23329,20.0100505
23330,20.0100505
23331,20.0100505
23332,20.0100505
23333,20.0100505
23334,20.0100505
23335,20.0100505
23336,20.0100505
23337,20.0100505
23338,20.0100505
23339,20.0100505
23340,20.0100505
23341,20.0100505
23342,20.0100505
23343,20.0100505
23344,20.0100505
23345,20.0100505
23346,20.0100505
23347,20.0100505
23348,20.0100505
23349,20.0100505
23350,20.0100505
23351,20.0100505
23352,20.0100505
23353,20.0100505
23354,20.0100505
23355,20.0100505
23356,20.0100505
23357,20.0100505
23358,20.0100505
23359,20.0100505
23360,20.0100505
23361,20.0100505
23362,20.0100505
23363,20.0100505
23364,20.0100505
23365,20.0100505
23366,20.0100505
23367,20.0100505
23368,20.0100505
23369,20.0100505
23370,20.0100505
23371,20.0100505
23372,20.0100505
23373,20.0100505
23374,20.0100505
23375,20.0100505
23376,20.0100505
23377,20.0100505
23378,20.0100505
23379,20.0100505
23380,20.0100505
23381,20.0100505
23382,20.0100505
23383,20.0100505
23384,20.0100505
23385,20.0100505
23386,20.0100505
23387,20.0100505
23388,20.0100505
23389,20.0100505
23390,20.0100505
23391,20.0100505
23392,20.0100505
23393,20.0100505
23394,20.0100505
23395,20.0100505
23396,20.0100505
23397,20.0100505
23398,20.0100505
23399,20.0100505
23400,20.0100505
23401,20.0100505
23402,20.0100505
23403,20.0100505
23404,20.0100505
23405,20.0100505
23406,20.0100505
23407,20.0100505
23408,20.0100505
23409,20.0100505
23410,20.0100505
23411,20.0100505
23412,20.0100505
23413,20.0100505
23414,20.0100505
23415,20.0100505
23416,20.0100505
23417,20.0100505
23418,20.0100505
23419,20.0100505
23420,20.0100505
23421,20.0100505
23422,20.0100505
23423,20.0100505
23424,20.0100505
23425,20.0100505
23426,20.0100505
23427,20.0100505
23428,20.0100505
23429,20.0100505
23430,20.0100505
23431,20.0100505
23432,20.0100505
23433,20.0100505
23434,20.0100505
23435,20.0100505
23436,20.0100505
23437,20.0100505
23438,20.0100505
23439,20.0100505
23440,20.0100505
23441,20.0100505
23442,20.0100505
23443,20.0100505
23444,20.0100505
23445,20.0100505
23446,20.0100505
23447,20.0100505
23448,20.0100505
23449,20.0100505
23450,20.0100505
23451,20.0100505
23452,20.0100505
23453,20.0100505
23454,20.0100505
23455,20.0100505
23456,20.0100505
23457,20.0100505
23458,20.0100505
23459,20.0100505
23460,20.0100505
23461,20.0100505
23462,20.0100505
23463,20.0100505
23464,20.0100505
23465,20.0100505
23466,20.0100505
23467,20.0100505
23468,20.0100505
23469,20.0100505
23470,20.0100505
23471,20.0100505
23472,20.0100505
23473,20.0100505
23474,20.0100505
23475,20.0100505
23476,20.0100505
23477,20.0100505
23478,20.0100505
23479,20.0100505
23480,20.0100505
23481,20.0100505
23482,20.0100505
23483,20.0100505
23484,20.0100505
23485,20.0100505
23486,20.0100505
23487,20.0100505
23488,20.0100505
23489,20.0100505
23490,20.0100505
23491,20.0100505
23492,20.0100505
23493,20.0100505
23494,20.0100505
23495,20.0100505
23496,20.0100505
23497,20.0100505
23498,20.0100505
23499,20.0100505
23500,20.0100505
23501,20.0100505
23502,20.0100505
23503,20.0100505
23504,20.0100505
23505,20.0100505
23506,20.0100505
23507,20.0100505
23508,20.0100505
23509,20.0100505
23510,20.0100505
23511,20.0100505
23512,20.0100505
23513,20.0100505
23514,20.0100505
23515,20.0100505
23516,20.0100505
23517,20.0100505
23518,20.0100505
23519,20.0100505
23520,20.0100505
23521,20.0100505
23522,20.0100505
23523,20.0100505
23524,20.0100505
23525,20.0100505
23526,20.0100505
23527,20.0100505
23528,20.0100505
23529,20.0100505
23530,20.0100505
23531,20.0100505
23532,20.0100505
23533,20.0100505
23534,20.0100505
23535,20.0100505
23536,20.0100505
23537,20.0100505
23538,20.0100505
23539,20.0100505
23540,20.0100505
23541,20.0100505
23542,20.0100505
23543,20.0100505
23544,20.0100505
23545,20.0100505
23546,20.0100505
23547,20.0100505
23548,20.0100505
23549,20.0100505
23550,20.0100505
23551,20.0100505
23552,20.0100505
23553,20.0100505
23554,20.0100505
23555,20.0100505
23556,20.0100505
23557,20.0100505
23558,20.0100505
23559,20.0100505
23560,20.0100505
23561,20.0100505
23562,20.0100505
23563,20.0100505
23564,20.0100505
23565,20.0100505
23566,20.0100505
23567,20.0100505
23568,20.0100505
23569,20.0100505
23570,20.0100505
23571,20.0100505
23572,20.0100505
23573,20.0100505
23574,20.0100505
23575,20.0100505
23576,20.0100505
23577,20.0100505
23578,20.0100505
23579,20.0100505
23580,20.0100505
23581,20.0100505
23582,20.0100505
23583,20.0100505
23584,20.0100505
23585,20.0100505
23586,20.0100505
23587,20.0100505
23588,20.0100505
23589,20.0100505
23590,20.0100505
23591,20.0100505
23592,20.0100505
23593,20.0100505
23594,20.0100505
23595,20.0100505
23596,20.0100505
23597,20.0100505
23598,20.0100505
23599,20.0100505
23600,20.0100505
23601,20.0100505
23602,20.0100505
23603,20.0100505
23604,20.0100505
23605,20.0100505
23606,20.0100505
23607,20.0100505
23608,20.0100505
23609,20.0100505
23610,20.0100505
23611,20.0100505
23612,20.0100505
23613,20.0100505
23614,20.0100505
23615,20.0100505
23616,20.0100505
23617,20.0100505
23618,20.0100505
23619,20.0100505
23620,20.0100505
23621,20.0100505
23622,20.0100505
23623,20.0100505
23624,20.0100505
23625,20.0100505
23626,20.0100505
23627,20.0100505
23628,20.0100505
23629,20.0100505
23630,20.0100505
23631,20.0100505
23632,20.0100505
23633,20.0100505
23634,20.0100505
23635,20.0100505
23636,20.0100505
23637,20.0100505
23638,20.0100505
23639,20.0100505
23640,20.0100505
23641,20.0100505
23642,20.0100505
23643,20.0100505
23644,20.0100505
23645,20.0100505
23646,20.0100505
23647,20.0100505
23648,20.0100505
23649,20.0100505
23650,20.0100505
23651,20.0100505
23652,20.0100505
23653,20.0100505
23654,20.0100505
23655,20.0100505
23656,20.0100505
23657,20.0100505
23658,20.0100505
23659,20.0100505
23660,20.0100505
23661,20.0100505
23662,20.0100505
23663,20.0100505
23664,20.0100505
23665,20.0100505
23666,20.0100505
23667,20.0100505
23668,20.0100505
23669,20.0100505
23670,20.0100505
23671,20.0100505
23672,20.0100505
23673,20.0100505
23674,20.0100505
23675,20.0100505
23676,20.0100505
23677,20.0100505
23678,20.0100505
23679,20.0100505
23680,20.0100505
23681,20.0100505
23682,20.0100505
23683,20.0100505
23684,20.0100505
23685,20.0100505
23686,20.0100505
23687,20.0100505
23688,20.0100505
23689,20.0100505
23690,20.0100505
23691,20.0100505
23692,20.0100505
23693,20.0100505
23694,20.0100505
23695,20.0100505
23696,20.0100505
23697,20.0100505
23698,20.0100505
23699,20.0100505
23700,20.0100505
23701,20.0100505
23702,20.0100505
23703,20.0100505
23704,20.0100505
23705,20.0100505
23706,20.0100505
23707,20.0100505
23708,20.0100505
23709,20.0100505
23710,20.0100505
23711,20.0100505
23712,20.0100505
23713,20.0100505
23714,20.0100505
23715,20.0100505
23716,20.0100505
23717,20.0100505
23718,20.0100505
23719,20.0100505
23720,20.0100505
23721,20.0100505
23722,20.0100505
23723,20.0100505
23724,20.0100505
23725,20.0100505
23726,20.0100505
23727,20.0100505
23728,20.0100505
23729,20.0100505
23730,20.0100505
23731,20.0100505
23732,20.0100505
23733,20.0100505
23734,20.0100505
23735,20.0100505
23736,20.0100505
23737,20.0100505
23738,20.0100505
23739,20.0100505
23740,20.0100505
23741,20.0100505
23742,20.0100505
23743,20.0100505
23744,20.0100505
23745,20.0100505
23746,20.0100505
23747,20.0100505
23748,20.0100505
23749,20.0100505
23750,20.0100505
23751,20.0100505
23752,20.0100505
23753,20.0100505
23754,20.0100505
23755,20.0100505
23756,20.0100505
23757,20.0100505
23758,20.0100505
23759,20.0100505
23760,20.0100505
23761,20.0100505
23762,20.0100505
23763,20.0100505
23764,20.0100505
23765,20.0100505
23766,20.0100505
23767,20.0100505
23768,20.0100505
23769,20.0100505
23770,20.0100505
23771,20.0100505
23772,20.0100505
23773,20.0100505
23774,20.0100505
23775,20.0100505
23776,20.0100505
23777,20.0100505
23778,20.0100505
23779,20.0100505
23780,20.0100505
23781,20.0100505
23782,20.0100505
23783,20.0100505
23784,20.0100505
23785,20.0100505
23786,20.0100505
23787,20.0100505
23788,20.0100505
23789,20.0100505
23790,20.0100505
23791,20.0100505
23792,20.0100505
23793,20.0100505
23794,20.0100505
23795,20.0100505
23796,20.0100505
23797,20.0100505
23798,20.0100505
23799,20.0100505
23800,20.0100505
23801,20.0100505
23802,20.0100505
23803,20.0100505
23804,20.0100505
23805,20.0100505
23806,20.0100505
23807,20.0100505
23808,20.0100505
23809,20.0100505
23810,20.0100505
23811,20.0100505
23812,20.0100505
23813,20.0100505
23814,20.0100505
23815,20.0100505
23816,20.0100505
23817,20.0100505
23818,20.0100505
23819,20.0100505
23820,20.0100505
23821,20.0100505
23822,20.0100505
23823,20.0100505
23824,20.0100505
23825,20.0100505
23826,20.0100505
23827,20.0100505
23828,20.0100505
23829,20.0100505
23830,20.0100505
23831,20.0100505
23832,20.0100505
23833,20.0100505
23834,20.0100505
23835,20.0100505
23836,20.0100505
23837,20.0100505
23838,20.0100505
23839,20.0100505
23840,20.0100505
23841,20.0100505
23842,20.0100505
23843,20.0100505
23844,20.0100505
23845,20.0100505
23846,20.0100505
23847,20.0100505
23848,20.0100505
23849,20.0100505
23850,20.0100505
23851,20.0100505
23852,20.0100505
23853,20.0100505
23854,20.0100505
23855,20.0100505
23856,20.0100505
23857,20.0100505
23858,20.0100505
23859,20.0100505
23860,20.0100505
23861,20.0100505
23862,20.0100505
23863,20.0100505
23864,20.0100505
23865,20.0100505
23866,20.0100505
23867,20.0100505
23868,20.0100505
23869,20.0100505
23870,20.0100505
23871,20.0100505
23872,20.0100505
23873,20.0100505
23874,20.0100505
23875,20.0100505
23876,20.0100505
23877,20.0100505
23878,20.0100505
23879,20.0100505
23880,20.0100505
23881,20.0100505
23882,20.0100505
23883,20.0100505
23884,20.0100505
23885,20.0100505
23886,20.0100505
23887,20.0100505
23888,20.0100505
23889,20.0100505
23890,20.0100505
23891,20.0100505
23892,20.0100505
23893,20.0100505
23894,20.0100505
23895,20.0100505
23896,20.0100505
23897,20.0100505
23898,20.0100505
23899,20.0100505
23900,20.0100505
23901,20.0100505
23902,20.0100505
23903,20.0100505
23904,20.0100505
23905,20.0100505
23906,20.0100505
23907,20.0100505
23908,20.0100505
23909,20.0100505
23910,20.0100505
23911,20.0100505
23912,20.0100505
23913,20.0100505
23914,20.0100505
23915,20.0100505
23916,20.0100505
23917,20.0100505
23918,20.0100505
23919,20.0100505
23920,20.0100505
23921,20.0100505
23922,20.0100505
23923,20.0100505
23924,20.0100505
23925,20.0100505
23926,20.0100505
23927,20.0100505
23928,20.0100505
23929,20.0100505
23930,20.0100505
23931,20.0100505
23932,20.0100505
23933,20.0100505
23934,20.0100505
23935,20.0100505
23936,20.0100505
23937,20.0100505
23938,20.0100505
23939,20.0100505
23940,20.0100505
23941,20.0100505
23942,20.0100505
23943,20.0100505
23944,20.0100505
23945,20.0100505
23946,20.0100505
23947,20.0100505
23948,20.0100505
23949,20.0100505
23950,20.0100505
23951,20.0100505
23952,20.0100505
23953,20.0100505
23954,20.0100505
23955,20.0100505
23956,20.0100505
23957,20.0100505
23958,20.0100505
23959,20.0100505
23960,20.0100505
23961,20.0100505
23962,20.0100505
23963,20.0100505
23964,20.0100505
23965,20.0100505
23966,20.0100505
23967,20.0100505
23968,20.0100505
23969,20.0100505
23970,20.0100505
23971,20.0100505
23972,20.0100505
23973,20.0100505
23974,20.0100505
23975,20.0100505
23976,20.0100505
23977,20.0100505
23978,20.0100505
23979,20.0100505
23980,20.0100505
23981,20.0100505
23982,20.0100505
23983,20.0100505
23984,20.0100505
23985,20.0100505
23986,20.0100505
23987,20.0100505
23988,20.0100505
23989,20.0100505
23990,20.0100505
23991,20.0100505
23992,20.0100505
23993,20.0100505
23994,20.0100505
23995,20.0100505
23996,20.0100505
23997,20.0100505
23998,20.0100505
23999,20.0100505
24000,20.0100505
24001,20.0100505
24002,20.0100505
24003,20.0100505
24004,20.0100505
24005,20.0100505
24006,20.0100505
24007,20.0100505
24008,20.0100505
24009,20.0100505
24010,20.0100505
24011,20.0100505
24012,20.0100505
24013,20.0100505
24014,20.0100505
24015,20.0100505
24016,20.0100505
24017,20.0100505
24018,20.0100505
24019,20.0100505
24020,20.0100505
24021,20.0100505
24022,20.0100505
24023,20.0100505
24024,20.0100505
24025,20.0100505
24026,20.0100505
24027,20.0100505
24028,20.0100505
24029,20.0100505
24030,20.0100505
24031,20.0100505
24032,20.0100505
24033,20.0100505
24034,20.0100505
24035,20.0100505
24036,20.0100505
24037,20.0100505
24038,20.0100505
24039,20.0100505
24040,20.0100505
24041,20.0100505
24042,20.0100505
24043,20.0100505
24044,20.0100505
24045,20.0100505
24046,20.0100505
24047,20.0100505
24048,20.0100505
24049,20.0100505
24050,20.0100505
24051,20.0100505
24052,20.0100505
24053,20.0100505
24054,20.0100505
24055,20.0100505
24056,20.0100505
24057,20.0100505
24058,20.0100505
24059,20.0100505
24060,20.0100505
24061,20.0100505
24062,20.0100505
24063,20.0100505
24064,20.0100505
24065,20.0100505
24066,20.0100505
24067,20.0100505
24068,20.0100505
24069,20.0100505
24070,20.0100505
24071,20.0100505
24072,20.0100505
24073,20.0100505
24074,20.0100505
24075,20.0100505
24076,20.0100505
24077,20.0100505
24078,20.0100505
24079,20.0100505
24080,20.0100505
24081,20.0100505
24082,20.0100505
24083,20.0100505
24084,20.0100505
24085,20.0100505
24086,20.0100505
24087,20.0100505
24088,20.0100505
24089,20.0100505
24090,20.0100505
24091,20.0100505
24092,20.0100505
24093,20.0100505
24094,20.0100505
24095,20.0100505
24096,20.0100505
24097,20.0100505
24098,20.0100505
24099,20.0100505
24100,20.0100505
24101,20.0100505
24102,20.0100505
24103,20.0100505
24104,20.0100505
24105,20.0100505
24106,20.0100505
24107,20.0100505
24108,20.0100505
24109,20.0100505
24110,20.0100505
24111,20.0100505
24112,20.0100505
24113,20.0100505
24114,20.0100505
24115,20.0100505
24116,20.0100505
24117,20.0100505
24118,20.0100505
24119,20.0100505
24120,20.0100505
24121,20.0100505
24122,20.0100505
24123,20.0100505
24124,20.0100505
24125,20.0100505
24126,20.0100505
24127,20.0100505
24128,20.0100505
24129,20.0100505
24130,20.0100505
24131,20.0100505
24132,20.0100505
24133,20.0100505
24134,20.0100505
24135,20.0100505
24136,20.0100505
24137,20.0100505
24138,20.0100505
24139,20.0100505
24140,20.0100505
24141,20.0100505
24142,20.0100505
24143,20.0100505
24144,20.0100505
24145,20.0100505
24146,20.0100505
24147,20.0100505
24148,20.0100505
24149,20.0100505
24150,20.0100505
24151,20.0100505
24152,20.0100505
24153,20.0100505
24154,20.0100505
24155,20.0100505
24156,20.0100505
24157,20.0100505
24158,20.0100505
24159,20.0100505
24160,20.0100505
24161,20.0100505
24162,20.0100505
24163,20.0100505
24164,20.0100505
24165,20.0100505
24166,20.0100505
24167,20.0100505
24168,20.0100505
24169,20.0100505
24170,20.0100505
24171,20.0100505
24172,20.0100505
24173,20.0100505
24174,20.0100505
24175,20.0100505
24176,20.0100505
24177,20.0100505
24178,20.0100505
24179,20.0100505
24180,20.0100505
24181,20.0100505
24182,20.0100505
24183,20.0100505
24184,20.0100505
24185,20.0100505
24186,20.0100505
24187,20.0100505
24188,20.0100505
24189,20.0100505
24190,20.0100505
24191,20.0100505
24192,20.0100505
24193,20.0100505
24194,20.0100505
24195,20.0100505
24196,20.0100505
24197,20.0100505
24198,20.0100505
24199,20.0100505
24200,20.0100505
24201,20.0100505
24202,20.0100505
24203,20.0100505
24204,20.0100505
24205,20.0100505
24206,20.0100505
24207,20.0100505
24208,20.0100505
24209,20.0100505
24210,20.0100505
24211,20.0100505
24212,20.0100505
24213,20.0100505
24214,20.0100505
24215,20.0100505
24216,20.0100505
24217,20.0100505
24218,20.0100505
24219,20.0100505
24220,20.0100505
24221,20.0100505
24222,20.0100505
24223,20.0100505
24224,20.0100505
24225,20.0100505
24226,20.0100505
24227,20.0100505
24228,20.0100505
24229,20.0100505
24230,20.0100505
24231,20.0100505
24232,20.0100505
24233,20.0100505
24234,20.0100505
24235,20.0100505
24236,20.0100505
24237,20.0100505
24238,20.0100505
24239,20.0100505
24240,20.0100505
24241,20.0100505
24242,20.0100505
24243,20.0100505
24244,20.0100505
24245,20.0100505
24246,20.0100505
24247,20.0100505
24248,20.0100505
24249,20.0100505
24250,20.0100505
24251,20.0100505
24252,20.0100505
24253,20.0100505
24254,20.0100505
24255,20.0100505
24256,20.0100505
24257,20.0100505
24258,20.0100505
24259,20.0100505
24260,20.0100505
24261,20.0100505
24262,20.0100505
24263,20.0100505
24264,20.0100505
24265,20.0100505
24266,20.0100505
24267,20.0100505
24268,20.0100505
24269,20.0100505
24270,20.0100505
24271,20.0100505
24272,20.0100505
24273,20.0100505
24274,20.0100505
24275,20.0100505
24276,20.0100505
24277,20.0100505
24278,20.0100505
24279,20.0100505
24280,20.0100505
24281,20.0100505
24282,20.0100505
24283,20.0100505
24284,20.0100505
24285,20.0100505
24286,20.0100505
24287,20.0100505
24288,20.0100505
24289,20.0100505
24290,20.0100505
24291,20.0100505
24292,20.0100505
24293,20.0100505
24294,20.0100505
24295,20.0100505
24296,20.0100505
24297,20.0100505
24298,20.0100505
24299,20.0100505
24300,20.0100505
24301,20.0100505
24302,20.0100505
24303,20.0100505
24304,20.0100505
24305,20.0100505
24306,20.0100505
24307,20.0100505
24308,20.0100505
24309,20.0100505
24310,20.0100505
24311,20.0100505
24312,20.0100505
24313,20.0100505
24314,20.0100505
24315,20.0100505
24316,20.0100505
24317,20.0100505
24318,20.0100505
24319,20.0100505
24320,20.0100505
24321,20.0100505
24322,20.0100505
24323,20.0100505
24324,20.0100505
24325,20.0100505
24326,20.0100505
24327,20.0100505
24328,20.0100505
24329,20.0100505
24330,20.0100505
24331,20.0100505
24332,20.0100505
24333,20.0100505
24334,20.0100505
24335,20.0100505
24336,20.0100505
24337,20.0100505
24338,20.0100505
24339,20.0100505
24340,20.0100505
24341,20.0100505
24342,20.0100505
24343,20.0100505
24344,20.0100505
24345,20.0100505
24346,20.0100505
24347,20.0100505
24348,20.0100505
24349,20.0100505
24350,20.0100505
24351,20.0100505
24352,20.0100505
24353,20.0100505
24354,20.0100505
24355,20.0100505
24356,20.0100505
24357,20.0100505
24358,20.0100505
24359,20.0100505
24360,20.0100505
24361,20.0100505
24362,20.0100505
24363,20.0100505
24364,20.0100505
24365,20.0100505
24366,20.0100505
24367,20.0100505
24368,20.0100505
24369,20.0100505
24370,20.0100505
24371,20.0100505
24372,20.0100505
24373,20.0100505
24374,20.0100505
24375,20.0100505
24376,20.0100505
24377,20.0100505
24378,20.0100505
24379,20.0100505
24380,20.0100505
24381,20.0100505
24382,20.0100505
24383,20.0100505
24384,20.0100505
24385,20.0100505
24386,20.0100505
24387,20.0100505
24388,20.0100505
24389,20.0100505
24390,20.0100505
24391,20.0100505
24392,20.0100505
24393,20.0100505
24394,20.0100505
24395,20.0100505
24396,20.0100505
24397,20.0100505
24398,20.0100505
24399,20.0100505
24400,20.0100505
24401,20.0100505
24402,20.0100505
24403,20.0100505
24404,20.0100505
24405,20.0100505
24406,20.0100505
24407,20.0100505
24408,20.0100505
24409,20.0100505
24410,20.0100505
24411,20.0100505
24412,20.0100505
24413,20.0100505
24414,20.0100505
24415,20.0100505
24416,20.0100505
24417,20.0100505
24418,20.0100505
24419,20.0100505
24420,20.0100505
24421,20.0100505
24422,20.0100505
24423,20.0100505
24424,20.0100505
24425,20.0100505
24426,20.0100505
24427,20.0100505
24428,20.0100505
24429,20.0100505
24430,20.0100505
24431,20.0100505
24432,20.0100505
24433,20.0100505
24434,20.0100505
24435,20.0100505
24436,20.0100505
24437,20.0100505
24438,20.0100505
24439,20.0100505
24440,20.0100505
24441,20.0100505
24442,20.0100505
24443,20.0100505
24444,20.0100505
24445,20.0100505
24446,20.0100505
24447,20.0100505
24448,20.0100505
24449,20.0100505
24450,20.0100505
24451,20.0100505
24452,20.0100505
24453,20.0100505
24454,20.0100505
24455,20.0100505
24456,20.0100505
24457,20.0100505
24458,20.0100505
24459,20.0100505
24460,20.0100505
24461,20.0100505
24462,20.0100505
24463,20.0100505
24464,20.0100505
24465,20.0100505
24466,20.0100505
24467,20.0100505
24468,20.0100505
24469,20.0100505
24470,20.0100505
24471,20.0100505
24472,20.0100505
24473,20.0100505
24474,20.0100505
24475,20.0100505
24476,20.0100505
24477,20.0100505
24478,20.0100505
24479,20.0100505
24480,20.0100505
24481,20.0100505
24482,20.0100505
24483,20.0100505
24484,20.0100505
24485,20.0100505
24486,20.0100505
24487,20.0100505
24488,20.0100505
24489,20.0100505
24490,20.0100505
24491,20.0100505
24492,20.0100505
24493,20.0100505
24494,20.0100505
24495,20.0100505
24496,20.0100505
24497,20.0100505
24498,20.0100505
24499,20.0100505
24500,20.0100505
24501,20.0100505
24502,20.0100505
24503,20.0100505
24504,20.0100505
24505,20.0100505
24506,20.0100505
24507,20.0100505
24508,20.0100505
24509,20.0100505
24510,20.0100505
24511,20.0100505
24512,20.0100505
24513,20.0100505
24514,20.0100505
24515,20.0100505
24516,20.0100505
24517,20.0100505
24518,20.0100505
24519,20.0100505
24520,20.0100505
24521,20.0100505
24522,20.0100505
24523,20.0100505
24524,20.0100505
24525,20.0100505
24526,20.0100505
24527,20.0100505
24528,20.0100505
24529,20.0100505
24530,20.0100505
24531,20.0100505
24532,20.0100505
24533,20.0100505
24534,20.0100505
24535,20.0100505
24536,20.0100505
24537,20.0100505
24538,20.0100505
24539,20.0100505
24540,20.0100505
24541,20.0100505
24542,20.0100505
24543,20.0100505
24544,20.0100505
24545,20.0100505
24546,20.0100505
24547,20.0100505
24548,20.0100505
24549,20.0100505
24550,20.0100505
24551,20.0100505
24552,20.0100505
24553,20.0100505
24554,20.0100505
24555,20.0100505
24556,20.0100505
24557,20.0100505
24558,20.0100505
24559,20.0100505
24560,20.0100505
24561,20.0100505
24562,20.0100505
24563,20.0100505
24564,20.0100505
24565,20.0100505
24566,20.0100505
24567,20.0100505
24568,20.0100505
24569,20.0100505
24570,20.0100505
24571,20.0100505
24572,20.0100505
24573,20.0100505
24574,20.0100505
24575,20.0100505
24576,20.0100505
24577,20.0100505
24578,20.0100505
24579,20.0100505
24580,20.0100505
24581,20.0100505
24582,20.0100505
24583,20.0100505
24584,20.0100505
24585,20.0100505
24586,20.0100505
24587,20.0100505
24588,20.0100505
24589,20.0100505
24590,20.0100505
24591,20.0100505
24592,20.0100505
24593,20.0100505
24594,20.0100505
24595,20.0100505
24596,20.0100505
24597,20.0100505
24598,20.0100505
24599,20.0100505
24600,20.0100505
24601,20.0100505
24602,20.0100505
24603,20.0100505
24604,20.0100505
24605,20.0100505
24606,20.0100505
24607,20.0100505
24608,20.0100505
24609,20.0100505
24610,20.0100505
24611,20.0100505
24612,20.0100505
24613,20.0100505
24614,20.0100505
24615,20.0100505
24616,20.0100505
24617,20.0100505
24618,20.0100505
24619,20.0100505
24620,20.0100505
24621,20.0100505
24622,20.0100505
24623,20.0100505
24624,20.0100505
24625,20.0100505
24626,20.0100505
24627,20.0100505
24628,20.0100505
24629,20.0100505
24630,20.0100505
24631,20.0100505
24632,20.0100505
24633,20.0100505
24634,20.0100505
24635,20.0100505
24636,20.0100505
24637,20.0100505
24638,20.0100505
24639,20.0100505
24640,20.0100505
24641,20.0100505
24642,20.0100505
24643,20.0100505
24644,20.0100505
24645,20.0100505
24646,20.0100505
24647,20.0100505
24648,20.0100505
24649,20.0100505
24650,20.0100505
24651,20.0100505
24652,20.0100505
24653,20.0100505
24654,20.0100505
24655,20.0100505
24656,20.0100505
24657,20.0100505
24658,20.0100505
24659,20.0100505
24660,20.0100505
24661,20.0100505
24662,20.0100505
24663,20.0100505
24664,20.0100505
24665,20.0100505
24666,20.0100505
24667,20.0100505
24668,20.0100505
24669,20.0100505
24670,20.0100505
24671,20.0100505
24672,20.0100505
24673,20.0100505
24674,20.0100505
24675,20.0100505
24676,20.0100505
24677,20.0100505
24678,20.0100505
24679,20.0100505
24680,20.0100505
24681,20.0100505
24682,20.0100505
24683,20.0100505
24684,20.0100505
24685,20.0100505
24686,20.0100505
24687,20.0100505
24688,20.0100505
24689,20.0100505
24690,20.0100505
24691,20.0100505
24692,20.0100505
24693,20.0100505
24694,20.0100505
24695,20.0100505
24696,20.0100505
24697,20.0100505
24698,20.0100505
24699,20.0100505
24700,20.0100505
24701,20.0100505
24702,20.0100505
24703,20.0100505
24704,20.0100505
24705,20.0100505
24706,20.0100505
24707,20.0100505
24708,20.0100505
24709,20.0100505
24710,20.0100505
24711,20.0100505
24712,20.0100505
24713,20.0100505
24714,20.0100505
24715,20.0100505
24716,20.0100505
24717,20.0100505
24718,20.0100505
24719,20.0100505
24720,20.0100505
24721,20.0100505
24722,20.0100505
24723,20.0100505
24724,20.0100505
24725,20.0100505
24726,20.0100505
24727,20.0100505
24728,20.0100505
24729,20.0100505
24730,20.0100505
24731,20.0100505
24732,20.0100505
24733,20.0100505
24734,20.0100505
24735,20.0100505
24736,20.0100505
24737,20.0100505
24738,20.0100505
24739,20.0100505
24740,20.0100505
24741,20.0100505
24742,20.0100505
24743,20.0100505
24744,20.0100505
24745,20.0100505
24746,20.0100505
24747,20.0100505
24748,20.0100505
24749,20.0100505
24750,20.0100505
24751,20.0100505
24752,20.0100505
24753,20.0100505
24754,20.0100505
24755,20.0100505
24756,20.0100505
24757,20.0100505
24758,20.0100505
24759,20.0100505
24760,20.0100505
24761,20.0100505
24762,20.0100505
24763,20.0100505
24764,20.0100505
24765,20.0100505
24766,20.0100505
24767,20.0100505
24768,20.0100505
24769,20.0100505
24770,20.0100505
24771,20.0100505
24772,20.0100505
24773,20.0100505
24774,20.0100505
24775,20.0100505
24776,20.0100505
24777,20.0100505
24778,20.0100505
24779,20.0100505
24780,20.0100505
24781,20.0100505
24782,20.0100505
24783,20.0100505
24784,20.0100505
24785,20.0100505
24786,20.0100505
24787,20.0100505
24788,20.0100505
24789,20.0100505
24790,20.0100505
24791,20.0100505
24792,20.0100505
24793,20.0100505
24794,20.0100505
24795,20.0100505
24796,20.0100505
24797,20.0100505
24798,20.0100505
24799,20.0100505
24800,20.0100505
24801,20.0100505
24802,20.0100505
24803,20.0100505
24804,20.0100505
24805,20.0100505
24806,20.0100505
24807,20.0100505
24808,20.0100505
24809,20.0100505
24810,20.0100505
24811,20.0100505
24812,20.0100505
24813,20.0100505
24814,20.0100505
24815,20.0100505
24816,20.0100505
24817,20.0100505
24818,20.0100505
24819,20.0100505
24820,20.0100505
24821,20.0100505
24822,20.0100505
24823,20.0100505
24824,20.0100505
24825,20.0100505
24826,20.0100505
24827,20.0100505
24828,20.0100505
24829,20.0100505
24830,20.0100505
24831,20.0100505
24832,20.0100505
24833,20.0100505
24834,20.0100505
24835,20.0100505
24836,20.0100505
24837,20.0100505
24838,20.0100505
24839,20.0100505
24840,20.0100505
24841,20.0100505
24842,20.0100505
24843,20.0100505
24844,20.0100505
24845,20.0100505
24846,20.0100505
24847,20.0100505
24848,20.0100505
24849,20.0100505
24850,20.0100505
24851,20.0100505
24852,20.0100505
24853,20.0100505
24854,20.0100505
24855,20.0100505
24856,20.0100505
24857,20.0100505
24858,20.0100505
24859,20.0100505
24860,20.0100505
24861,20.0100505
24862,20.0100505
24863,20.0100505
24864,20.0100505
24865,20.0100505
24866,20.0100505
24867,20.0100505
24868,20.0100505
24869,20.0100505
24870,20.0100505
24871,20.0100505
24872,20.0100505
24873,20.0100505
24874,20.0100505
24875,20.0100505
24876,20.0100505
24877,20.0100505
24878,20.0100505
24879,20.0100505
24880,20.0100505
24881,20.0100505
24882,20.0100505
24883,20.0100505
24884,20.0100505
24885,20.0100505
24886,20.0100505
24887,20.0100505
24888,20.0100505
24889,20.0100505
24890,20.0100505
24891,20.0100505
24892,20.0100505
24893,20.0100505
24894,20.0100505
24895,20.0100505
24896,20.0100505
24897,20.0100505
24898,20.0100505
24899,20.0100505
24900,20.0100505
24901,20.0100505
24902,20.0100505
24903,20.0100505
24904,20.0100505
24905,20.0100505
24906,20.0100505
24907,20.0100505
24908,20.0100505
24909,20.0100505
24910,20.0100505
24911,20.0100505
24912,20.0100505
24913,20.0100505
24914,20.0100505
24915,20.0100505
24916,20.0100505
24917,20.0100505
24918,20.0100505
24919,20.0100505
24920,20.0100505
24921,20.0100505
24922,20.0100505
24923,20.0100505
24924,20.0100505
24925,20.0100505
24926,20.0100505
24927,20.0100505
24928,20.0100505
24929,20.0100505
24930,20.0100505
24931,20.0100505
24932,20.0100505
24933,20.0100505
24934,20.0100505
24935,20.0100505
24936,20.0100505
24937,20.0100505
24938,20.0100505
24939,20.0100505
24940,20.0100505
24941,20.0100505
24942,20.0100505
24943,20.0100505
24944,20.0100505
24945,20.0100505
24946,20.0100505
24947,20.0100505
24948,20.0100505
24949,20.0100505
24950,20.0100505
24951,20.0100505
24952,20.0100505
24953,20.0100505
24954,20.0100505
24955,20.0100505
24956,20.0100505
24957,20.0100505
24958,20.0100505
24959,20.0100505
24960,20.0100505
24961,20.0100505
24962,20.0100505
24963,20.0100505
24964,20.0100505
24965,20.0100505
24966,20.0100505
24967,20.0100505
24968,20.0100505
24969,20.0100505
24970,20.0100505
24971,20.0100505
24972,20.0100505
24973,20.0100505
24974,20.0100505
24975,20.0100505
24976,20.0100505
24977,20.0100505
24978,20.0100505
24979,20.0100505
24980,20.0100505
24981,20.0100505
24982,20.0100505
24983,20.0100505
24984,20.0100505
24985,20.0100505
24986,20.0100505
24987,20.0100505
24988,20.0100505
24989,20.0100505
24990,20.0100505
24991,20.0100505
24992,20.0100505
24993,20.0100505
24994,20.0100505
24995,20.0100505
24996,20.0100505
24997,20.0100505
24998,20.0100505
24999,20.0100505
25000,20.0100505